date,description,item id,mean price,item
2004-02-01,APPLES-DESSERT-PER KG,212717,1.3205577,Apples
2004-02-01,BRANDY 70CL BOTTLE,310405,13.272583,Brandy
2004-02-01,LEMONADE-2 LITRE BOTTLE,212008,0.6730159,Lemonade
2004-02-01,ORANGES-CLASS 1-EACH,212709,0.2758943,Oranges
2004-02-01,RED WINE- EUROPEAN 75CL,310421,4.604587,Red wine
2004-02-01,SUGAR -GRANULATED-WHITE-PER KG,212101,0.7634536,Sugar
2004-03-01,APPLES-DESSERT-PER KG,212717,1.3364751,Apples
2004-03-01,BRANDY 70CL BOTTLE,310405,13.089214,Brandy
2004-03-01,LEMONADE-2 LITRE BOTTLE,212008,0.68076336,Lemonade
2004-03-01,ORANGES-CLASS 1-EACH,212709,0.2706773,Oranges
2004-03-01,RED WINE- EUROPEAN 75CL,310421,4.5234103,Red wine
2004-03-01,SUGAR -GRANULATED-WHITE-PER KG,212101,0.7594473,Sugar
2004-04-01,APPLES-DESSERT-PER KG,212717,1.3365369,Apples
2004-04-01,BRANDY 70CL BOTTLE,310405,12.8474455,Brandy
2004-04-01,LEMONADE-2 LITRE BOTTLE,212008,0.6498374,Lemonade
2004-04-01,ORANGES-CLASS 1-EACH,212709,0.27141702,Oranges
2004-04-01,RED WINE- EUROPEAN 75CL,310421,4.5481396,Red wine
2004-04-01,SUGAR -GRANULATED-WHITE-PER KG,212101,0.758593,Sugar
2004-05-01,APPLES-DESSERT-PER KG,212717,1.3194163,Apples
2004-05-01,BRANDY 70CL BOTTLE,310405,13.055142,Brandy
2004-05-01,LEMONADE-2 LITRE BOTTLE,212008,0.64512825,Lemonade
2004-05-01,ORANGES-CLASS 1-EACH,212709,0.26865903,Oranges
2004-05-01,RED WINE- EUROPEAN 75CL,310421,4.577431,Red wine
2004-05-01,SUGAR -GRANULATED-WHITE-PER KG,212101,0.755505,Sugar
2004-06-01,APPLES-DESSERT-PER KG,212717,1.3547692,Apples
2004-06-01,BRANDY 70CL BOTTLE,310405,12.830276,Brandy
2004-06-01,LEMONADE-2 LITRE BOTTLE,212008,0.6393443,Lemonade
2004-06-01,ORANGES-CLASS 1-EACH,212709,0.26629922,Oranges
2004-06-01,RED WINE- EUROPEAN 75CL,310421,4.5960174,Red wine
2004-06-01,SUGAR -GRANULATED-WHITE-PER KG,212101,0.76,Sugar
2004-07-01,APPLES-DESSERT-PER KG,212717,1.3726337,Apples
2004-07-01,BRANDY 70CL BOTTLE,310405,12.981818,Brandy
2004-07-01,LEMONADE-2 LITRE BOTTLE,212008,0.64677167,Lemonade
2004-07-01,ORANGES-CLASS 1-EACH,212709,0.27731517,Oranges
2004-07-01,RED WINE- EUROPEAN 75CL,310421,4.537717,Red wine
2004-07-01,SUGAR -GRANULATED-WHITE-PER KG,212101,0.7591133,Sugar
2004-08-01,APPLES-DESSERT-PER KG,212717,1.3377542,Apples
2004-08-01,BRANDY 70CL BOTTLE,310405,13.055357,Brandy
2004-08-01,LEMONADE-2 LITRE BOTTLE,212008,0.6606451,Lemonade
2004-08-01,ORANGES-CLASS 1-EACH,212709,0.27464843,Oranges
2004-08-01,RED WINE- EUROPEAN 75CL,310421,4.5389037,Red wine
2004-08-01,SUGAR -GRANULATED-WHITE-PER KG,212101,0.75594056,Sugar
2004-09-01,APPLES-DESSERT-PER KG,212717,1.342449,Apples
2004-09-01,BRANDY 70CL BOTTLE,310405,13.214361,Brandy
2004-09-01,LEMONADE-2 LITRE BOTTLE,212008,0.6704616,Lemonade
2004-09-01,ORANGES-CLASS 1-EACH,212709,0.2716599,Oranges
2004-09-01,RED WINE- EUROPEAN 75CL,310421,4.391863,Red wine
2004-09-01,SUGAR -GRANULATED-WHITE-PER KG,212101,0.7568254,Sugar
2004-10-01,APPLES-DESSERT-PER KG,212717,1.3266529,Apples
2004-10-01,BRANDY 70CL BOTTLE,310405,13.19774,Brandy
2004-10-01,LEMONADE-2 LITRE BOTTLE,212008,0.65889764,Lemonade
2004-10-01,ORANGES-CLASS 1-EACH,212709,0.26894307,Oranges
2004-10-01,RED WINE- EUROPEAN 75CL,310421,4.4864283,Red wine
2004-10-01,SUGAR -GRANULATED-WHITE-PER KG,212101,0.7382587,Sugar
2004-11-01,APPLES-DESSERT-PER KG,212717,1.3168274,Apples
2004-11-01,BRANDY 70CL BOTTLE,310405,12.686951,Brandy
2004-11-01,LEMONADE-2 LITRE BOTTLE,212008,0.65462685,Lemonade
2004-11-01,ORANGES-CLASS 1-EACH,212709,0.27118108,Oranges
2004-11-01,RED WINE- EUROPEAN 75CL,310421,4.5264482,Red wine
2004-11-01,SUGAR -GRANULATED-WHITE-PER KG,212101,0.7535468,Sugar
2004-12-01,APPLES-DESSERT-PER KG,212717,1.318492,Apples
2004-12-01,BRANDY 70CL BOTTLE,310405,12.846761,Brandy
2004-12-01,LEMONADE-2 LITRE BOTTLE,212008,0.6523308,Lemonade
2004-12-01,ORANGES-CLASS 1-EACH,212709,0.2733333,Oranges
2004-12-01,RED WINE- EUROPEAN 75CL,310421,4.4514694,Red wine
2004-12-01,SUGAR -GRANULATED-WHITE-PER KG,212101,0.7531683,Sugar
2005-01-01,APPLES-DESSERT-PER KG,212717,1.3121961,Apples
2005-01-01,BRANDY 70CL BOTTLE,310405,12.93118,Brandy
2005-01-01,LEMONADE-2 LITRE BOTTLE,212008,0.67223024,Lemonade
2005-01-01,ORANGES-CLASS 1-EACH,212709,0.26654762,Oranges
2005-01-01,RED WINE- EUROPEAN 75CL,310421,4.505045,Red wine
2005-01-01,SUGAR -GRANULATED-WHITE-PER KG,212101,0.7586139,Sugar
2005-02-01,APPLES-DESSERT-PER KG,212717,1.3103673,Apples
2005-02-01,BRANDY 70CL BOTTLE,310405,13.243433,Brandy
2005-02-01,LEMONADE-2 LITRE BOTTLE,212008,0.6651969,Lemonade
2005-02-01,ORANGES-CLASS 1-EACH,212709,0.26584363,Oranges
2005-02-01,RED WINE- EUROPEAN 75CL,310421,4.5031905,Red wine
2005-02-01,SUGAR -GRANULATED-WHITE-PER KG,212101,0.771649,Sugar
2005-03-01,APPLES-DESSERT-PER KG,212717,1.3093443,Apples
2005-03-01,BRANDY 70CL BOTTLE,310405,13.055474,Brandy
2005-03-01,LEMONADE-2 LITRE BOTTLE,212008,0.6468504,Lemonade
2005-03-01,ORANGES-CLASS 1-EACH,212709,0.26924303,Oranges
2005-03-01,RED WINE- EUROPEAN 75CL,310421,4.566078,Red wine
2005-03-01,SUGAR -GRANULATED-WHITE-PER KG,212101,0.7732973,Sugar
2005-04-01,APPLES-DESSERT-PER KG,212717,1.316855,Apples
2005-04-01,BRANDY 70CL BOTTLE,310405,13.050287,Brandy
2005-04-01,LEMONADE-2 LITRE BOTTLE,212008,0.64,Lemonade
2005-04-01,ORANGES-CLASS 1-EACH,212709,0.26448002,Oranges
2005-04-01,RED WINE- EUROPEAN 75CL,310421,4.511313,Red wine
2005-04-01,SUGAR -GRANULATED-WHITE-PER KG,212101,0.77469075,Sugar
2005-05-01,APPLES-DESSERT-PER KG,212717,1.2457529,Apples
2005-05-01,BRANDY 70CL BOTTLE,310405,12.636348,Brandy
2005-05-01,LEMONADE-2 LITRE BOTTLE,212008,0.603245,Lemonade
2005-05-01,ORANGES-CLASS 1-EACH,212709,0.25104478,Oranges
2005-05-01,RED WINE- EUROPEAN 75CL,310421,4.330253,Red wine
2005-05-01,SUGAR -GRANULATED-WHITE-PER KG,212101,0.7141346,Sugar
2005-06-01,APPLES-DESSERT-PER KG,212717,1.3110843,Apples
2005-06-01,BRANDY 70CL BOTTLE,310405,13.294087,Brandy
2005-06-01,LEMONADE-2 LITRE BOTTLE,212008,0.6457037,Lemonade
2005-06-01,ORANGES-CLASS 1-EACH,212709,0.25561264,Oranges
2005-06-01,RED WINE- EUROPEAN 75CL,310421,4.542232,Red wine
2005-06-01,SUGAR -GRANULATED-WHITE-PER KG,212101,0.7743077,Sugar
2005-07-01,APPLES-DESSERT-PER KG,212717,1.3228163,Apples
2005-07-01,BRANDY 70CL BOTTLE,310405,13.227122,Brandy
2005-07-01,LEMONADE-2 LITRE BOTTLE,212008,0.64666665,Lemonade
2005-07-01,ORANGES-CLASS 1-EACH,212709,0.25909448,Oranges
2005-07-01,RED WINE- EUROPEAN 75CL,310421,4.656847,Red wine
2005-07-01,SUGAR -GRANULATED-WHITE-PER KG,212101,0.7743523,Sugar
2005-08-01,APPLES-DESSERT-PER KG,212717,1.3066269,Apples
2005-08-01,BRANDY 70CL BOTTLE,310405,13.023456,Brandy
2005-08-01,LEMONADE-2 LITRE BOTTLE,212008,0.634963,Lemonade
2005-08-01,ORANGES-CLASS 1-EACH,212709,0.25933594,Oranges
2005-08-01,RED WINE- EUROPEAN 75CL,310421,4.6599545,Red wine
2005-08-01,SUGAR -GRANULATED-WHITE-PER KG,212101,0.7747938,Sugar
2005-09-01,APPLES-DESSERT-PER KG,212717,1.2845238,Apples
2005-09-01,BRANDY 70CL BOTTLE,310405,12.999774,Brandy
2005-09-01,LEMONADE-2 LITRE BOTTLE,212008,0.62514704,Lemonade
2005-09-01,ORANGES-CLASS 1-EACH,212709,0.25587785,Oranges
2005-09-01,RED WINE- EUROPEAN 75CL,310421,4.6766195,Red wine
2005-09-01,SUGAR -GRANULATED-WHITE-PER KG,212101,0.77020615,Sugar
2005-10-01,APPLES-DESSERT-PER KG,212717,1.2817742,Apples
2005-10-01,BRANDY 70CL BOTTLE,310405,12.867554,Brandy
2005-10-01,LEMONADE-2 LITRE BOTTLE,212008,0.6233813,Lemonade
2005-10-01,ORANGES-CLASS 1-EACH,212709,0.2496875,Oranges
2005-10-01,RED WINE- EUROPEAN 75CL,310421,4.600613,Red wine
2005-10-01,SUGAR -GRANULATED-WHITE-PER KG,212101,0.7686598,Sugar
2005-11-01,APPLES-DESSERT-PER KG,212717,1.25792,Apples
2005-11-01,BRANDY 70CL BOTTLE,310405,12.565634,Brandy
2005-11-01,LEMONADE-2 LITRE BOTTLE,212008,0.60592306,Lemonade
2005-11-01,ORANGES-CLASS 1-EACH,212709,0.2609886,Oranges
2005-11-01,RED WINE- EUROPEAN 75CL,310421,4.6009617,Red wine
2005-11-01,SUGAR -GRANULATED-WHITE-PER KG,212101,0.78351486,Sugar
2005-12-01,APPLES-DESSERT-PER KG,212717,1.2536111,Apples
2005-12-01,BRANDY 70CL BOTTLE,310405,12.560148,Brandy
2005-12-01,LEMONADE-2 LITRE BOTTLE,212008,0.61759126,Lemonade
2005-12-01,ORANGES-CLASS 1-EACH,212709,0.25920635,Oranges
2005-12-01,RED WINE- EUROPEAN 75CL,310421,4.5708256,Red wine
2005-12-01,SUGAR -GRANULATED-WHITE-PER KG,212101,0.7669652,Sugar
2006-01-01,APPLES-DESSERT-PER KG,212717,1.2613306,Apples
2006-01-01,BRANDY 70CL BOTTLE,310405,13.148768,Brandy
2006-01-01,LEMONADE-2 LITRE BOTTLE,212008,0.6168148,Lemonade
2006-01-01,ORANGES-CLASS 1-EACH,212709,0.26012295,Oranges
2006-01-01,RED WINE- EUROPEAN 75CL,310421,4.5732074,Red wine
2006-01-01,SUGAR -GRANULATED-WHITE-PER KG,212101,0.76536953,Sugar
2006-02-01,APPLES-DESSERT-PER KG,212717,1.2549372,Apples
2006-02-01,BRANDY 70CL BOTTLE,310405,13.544604,Brandy
2006-02-01,LEMONADE-2 LITRE BOTTLE,212008,0.6312782,Lemonade
2006-02-01,ORANGES-CLASS 1-EACH,212709,0.2614226,Oranges
2006-02-01,RED WINE- EUROPEAN 75CL,310421,4.6245537,Red wine
2006-02-01,SUGAR -GRANULATED-WHITE-PER KG,212101,0.76468295,Sugar
2006-03-01,APPLES-DESSERT-PER KG,212717,1.2483333,Apples
2006-03-01,BRANDY 70CL BOTTLE,310405,13.497913,Brandy
2006-03-01,LEMONADE-2 LITRE BOTTLE,212008,0.64310604,Lemonade
2006-03-01,ORANGES-CLASS 1-EACH,212709,0.2623228,Oranges
2006-03-01,RED WINE- EUROPEAN 75CL,310421,4.7570834,Red wine
2006-03-01,SUGAR -GRANULATED-WHITE-PER KG,212101,0.75526565,Sugar
2006-04-01,APPLES-DESSERT-PER KG,212717,1.2711934,Apples
2006-04-01,BRANDY 70CL BOTTLE,310405,13.449787,Brandy
2006-04-01,LEMONADE-2 LITRE BOTTLE,212008,0.64728683,Lemonade
2006-04-01,ORANGES-CLASS 1-EACH,212709,0.26015383,Oranges
2006-04-01,RED WINE- EUROPEAN 75CL,310421,4.88625,Red wine
2006-04-01,SUGAR -GRANULATED-WHITE-PER KG,212101,0.7608205,Sugar
2006-05-01,APPLES-DESSERT-PER KG,212717,1.3237399,Apples
2006-05-01,BRANDY 70CL BOTTLE,310405,13.475781,Brandy
2006-05-01,LEMONADE-2 LITRE BOTTLE,212008,0.68061066,Lemonade
2006-05-01,ORANGES-CLASS 1-EACH,212709,0.25055555,Oranges
2006-05-01,RED WINE- EUROPEAN 75CL,310421,4.812304,Red wine
2006-05-01,SUGAR -GRANULATED-WHITE-PER KG,212101,0.77738535,Sugar
2006-06-01,APPLES-DESSERT-PER KG,212717,1.3631855,Apples
2006-06-01,BRANDY 70CL BOTTLE,310405,13.657447,Brandy
2006-06-01,LEMONADE-2 LITRE BOTTLE,212008,0.6770161,Lemonade
2006-06-01,ORANGES-CLASS 1-EACH,212709,0.25667912,Oranges
2006-06-01,RED WINE- EUROPEAN 75CL,310421,4.8384166,Red wine
2006-06-01,SUGAR -GRANULATED-WHITE-PER KG,212101,0.77704036,Sugar
2006-07-01,APPLES-DESSERT-PER KG,212717,1.3724681,Apples
2006-07-01,BRANDY 70CL BOTTLE,310405,13.308844,Brandy
2006-07-01,LEMONADE-2 LITRE BOTTLE,212008,0.67104477,Lemonade
2006-07-01,ORANGES-CLASS 1-EACH,212709,0.26099205,Oranges
2006-07-01,RED WINE- EUROPEAN 75CL,310421,4.8505907,Red wine
2006-07-01,SUGAR -GRANULATED-WHITE-PER KG,212101,0.7785268,Sugar
2006-08-01,APPLES-DESSERT-PER KG,212717,1.4252988,Apples
2006-08-01,BRANDY 70CL BOTTLE,310405,13.385035,Brandy
2006-08-01,LEMONADE-2 LITRE BOTTLE,212008,0.66518795,Lemonade
2006-08-01,ORANGES-CLASS 1-EACH,212709,0.26390803,Oranges
2006-08-01,RED WINE- EUROPEAN 75CL,310421,4.847316,Red wine
2006-08-01,SUGAR -GRANULATED-WHITE-PER KG,212101,0.7785973,Sugar
2006-09-01,APPLES-DESSERT-PER KG,212717,1.4345121,Apples
2006-09-01,BRANDY 70CL BOTTLE,310405,13.467181,Brandy
2006-09-01,LEMONADE-2 LITRE BOTTLE,212008,0.6774815,Lemonade
2006-09-01,ORANGES-CLASS 1-EACH,212709,0.264636,Oranges
2006-09-01,RED WINE- EUROPEAN 75CL,310421,4.878642,Red wine
2006-09-01,SUGAR -GRANULATED-WHITE-PER KG,212101,0.78004545,Sugar
2006-10-01,APPLES-DESSERT-PER KG,212717,1.3986746,Apples
2006-10-01,BRANDY 70CL BOTTLE,310405,13.203649,Brandy
2006-10-01,LEMONADE-2 LITRE BOTTLE,212008,0.7044275,Lemonade
2006-10-01,ORANGES-CLASS 1-EACH,212709,0.26517788,Oranges
2006-10-01,RED WINE- EUROPEAN 75CL,310421,4.803673,Red wine
2006-10-01,SUGAR -GRANULATED-WHITE-PER KG,212101,0.7776471,Sugar
2006-11-01,APPLES-DESSERT-PER KG,212717,1.3958894,Apples
2006-11-01,BRANDY 70CL BOTTLE,310405,12.895,Brandy
2006-11-01,LEMONADE-2 LITRE BOTTLE,212008,0.7102837,Lemonade
2006-11-01,ORANGES-CLASS 1-EACH,212709,0.26715383,Oranges
2006-11-01,RED WINE- EUROPEAN 75CL,310421,4.804405,Red wine
2006-11-01,SUGAR -GRANULATED-WHITE-PER KG,212101,0.77843046,Sugar
2006-12-01,APPLES-DESSERT-PER KG,212717,1.4105953,Apples
2006-12-01,BRANDY 70CL BOTTLE,310405,12.735811,Brandy
2006-12-01,LEMONADE-2 LITRE BOTTLE,212008,0.70021427,Lemonade
2006-12-01,ORANGES-CLASS 1-EACH,212709,0.28166667,Oranges
2006-12-01,RED WINE- EUROPEAN 75CL,310421,4.730766,Red wine
2006-12-01,SUGAR -GRANULATED-WHITE-PER KG,212101,0.77887857,Sugar
2007-01-01,APPLES-DESSERT-PER KG,212717,1.4136214,Apples
2007-01-01,BRANDY 70CL BOTTLE,310405,13.104779,Brandy
2007-01-01,LEMONADE-2 LITRE BOTTLE,212008,0.69485295,Lemonade
2007-01-01,ORANGES-CLASS 1-EACH,212709,0.28959677,Oranges
2007-01-01,RED WINE- EUROPEAN 75CL,310421,4.766199,Red wine
2007-01-01,SUGAR -GRANULATED-WHITE-PER KG,212101,0.7911058,Sugar
2007-02-01,APPLES-DESSERT-PER KG,212717,1.4036992,Apples
2007-02-01,BRANDY 70CL BOTTLE,310405,13.317165,Brandy
2007-02-01,LEMONADE-2 LITRE BOTTLE,212008,0.6876259,Lemonade
2007-02-01,ORANGES-CLASS 1-EACH,212709,0.28514403,Oranges
2007-02-01,RED WINE- EUROPEAN 75CL,310421,4.6502776,Red wine
2007-02-01,SUGAR -GRANULATED-WHITE-PER KG,212101,0.8074528,Sugar
2007-03-01,APPLES-DESSERT-PER KG,212717,1.4149027,Apples
2007-03-01,BRANDY 70CL BOTTLE,310405,13.126077,Brandy
2007-03-01,LEMONADE-2 LITRE BOTTLE,212008,0.7070213,Lemonade
2007-03-01,ORANGES-CLASS 1-EACH,212709,0.2838697,Oranges
2007-03-01,RED WINE- EUROPEAN 75CL,310421,4.7973185,Red wine
2007-03-01,SUGAR -GRANULATED-WHITE-PER KG,212101,0.7966371,Sugar
2007-04-01,APPLES-DESSERT-PER KG,212717,1.4224609,Apples
2007-04-01,BRANDY 70CL BOTTLE,310405,13.416136,Brandy
2007-04-01,LEMONADE-2 LITRE BOTTLE,212008,0.7045714,Lemonade
2007-04-01,ORANGES-CLASS 1-EACH,212709,0.28640926,Oranges
2007-04-01,RED WINE- EUROPEAN 75CL,310421,4.646168,Red wine
2007-04-01,SUGAR -GRANULATED-WHITE-PER KG,212101,0.797713,Sugar
2007-05-01,APPLES-DESSERT-PER KG,212717,1.4480392,Apples
2007-05-01,BRANDY 70CL BOTTLE,310405,13.529924,Brandy
2007-05-01,LEMONADE-2 LITRE BOTTLE,212008,0.6983099,Lemonade
2007-05-01,ORANGES-CLASS 1-EACH,212709,0.29272032,Oranges
2007-05-01,RED WINE- EUROPEAN 75CL,310421,4.767215,Red wine
2007-05-01,SUGAR -GRANULATED-WHITE-PER KG,212101,0.8197345,Sugar
2007-06-01,APPLES-DESSERT-PER KG,212717,1.4489412,Apples
2007-06-01,BRANDY 70CL BOTTLE,310405,13.348712,Brandy
2007-06-01,LEMONADE-2 LITRE BOTTLE,212008,0.7056522,Lemonade
2007-06-01,ORANGES-CLASS 1-EACH,212709,0.29460937,Oranges
2007-06-01,RED WINE- EUROPEAN 75CL,310421,4.705885,Red wine
2007-06-01,SUGAR -GRANULATED-WHITE-PER KG,212101,0.8382511,Sugar
2007-07-01,APPLES-DESSERT-PER KG,212717,1.4468775,Apples
2007-07-01,BRANDY 70CL BOTTLE,310405,13.502707,Brandy
2007-07-01,LEMONADE-2 LITRE BOTTLE,212008,0.68619835,Lemonade
2007-07-01,ORANGES-CLASS 1-EACH,212709,0.29536963,Oranges
2007-07-01,RED WINE- EUROPEAN 75CL,310421,4.6925573,Red wine
2007-07-01,SUGAR -GRANULATED-WHITE-PER KG,212101,0.80136365,Sugar
2007-08-01,APPLES-DESSERT-PER KG,212717,1.4604115,Apples
2007-08-01,BRANDY 70CL BOTTLE,310405,13.720827,Brandy
2007-08-01,LEMONADE-2 LITRE BOTTLE,212008,0.68881893,Lemonade
2007-08-01,ORANGES-CLASS 1-EACH,212709,0.29703557,Oranges
2007-08-01,RED WINE- EUROPEAN 75CL,310421,4.705566,Red wine
2007-08-01,SUGAR -GRANULATED-WHITE-PER KG,212101,0.8159633,Sugar
2007-09-01,APPLES-DESSERT-PER KG,212717,1.4625204,Apples
2007-09-01,BRANDY 70CL BOTTLE,310405,13.684889,Brandy
2007-09-01,LEMONADE-2 LITRE BOTTLE,212008,0.671791,Lemonade
2007-09-01,ORANGES-CLASS 1-EACH,212709,0.29771864,Oranges
2007-09-01,RED WINE- EUROPEAN 75CL,310421,4.6768637,Red wine
2007-09-01,SUGAR -GRANULATED-WHITE-PER KG,212101,0.81688076,Sugar
2007-10-01,APPLES-DESSERT-PER KG,212717,1.4491235,Apples
2007-10-01,BRANDY 70CL BOTTLE,310405,13.664338,Brandy
2007-10-01,LEMONADE-2 LITRE BOTTLE,212008,0.6893007,Lemonade
2007-10-01,ORANGES-CLASS 1-EACH,212709,0.29815385,Oranges
2007-10-01,RED WINE- EUROPEAN 75CL,310421,4.6362443,Red wine
2007-10-01,SUGAR -GRANULATED-WHITE-PER KG,212101,0.8228761,Sugar
2007-11-01,APPLES-DESSERT-PER KG,212717,1.4590514,Apples
2007-11-01,BRANDY 70CL BOTTLE,310405,13.441,Brandy
2007-11-01,LEMONADE-2 LITRE BOTTLE,212008,0.68125,Lemonade
2007-11-01,ORANGES-CLASS 1-EACH,212709,0.29501858,Oranges
2007-11-01,RED WINE- EUROPEAN 75CL,310421,4.5477333,Red wine
2007-11-01,SUGAR -GRANULATED-WHITE-PER KG,212101,0.8206727,Sugar
2007-12-01,APPLES-DESSERT-PER KG,212717,1.473004,Apples
2007-12-01,BRANDY 70CL BOTTLE,310405,13.53854,Brandy
2007-12-01,LEMONADE-2 LITRE BOTTLE,212008,0.6518056,Lemonade
2007-12-01,ORANGES-CLASS 1-EACH,212709,0.29473284,Oranges
2007-12-01,RED WINE- EUROPEAN 75CL,310421,4.6736727,Red wine
2007-12-01,SUGAR -GRANULATED-WHITE-PER KG,212101,0.81592107,Sugar
2008-01-01,APPLES-DESSERT-PER KG,212717,1.45648,Apples
2008-01-01,BRANDY 70CL BOTTLE,310405,13.787391,Brandy
2008-01-01,LEMONADE-2 LITRE BOTTLE,212008,0.7033099,Lemonade
2008-01-01,ORANGES-CLASS 1-EACH,212709,0.3034749,Oranges
2008-01-01,RED WINE- EUROPEAN 75CL,310421,4.438227,Red wine
2008-01-01,SUGAR -GRANULATED-WHITE-PER KG,212101,0.84709823,Sugar
2008-02-01,APPLES-DESSERT-PER KG,212717,1.4610169,Apples
2008-02-01,BRANDY 70CL BOTTLE,310405,14.169444,Brandy
2008-02-01,LEMONADE-2 LITRE BOTTLE,212008,0.6800714,Lemonade
2008-02-01,ORANGES-CLASS 1-EACH,212709,0.30751967,Oranges
2008-02-01,RED WINE- EUROPEAN 75CL,310421,4.5843625,Red wine
2008-02-01,SUGAR -GRANULATED-WHITE-PER KG,212101,0.8547945,Sugar
2008-03-01,APPLES-DESSERT-PER KG,212717,1.4843034,Apples
2008-03-01,BRANDY 70CL BOTTLE,310405,13.748905,Brandy
2008-03-01,LEMONADE-2 LITRE BOTTLE,212008,0.70643353,Lemonade
2008-03-01,ORANGES-CLASS 1-EACH,212709,0.30953848,Oranges
2008-03-01,RED WINE- EUROPEAN 75CL,310421,4.676652,Red wine
2008-03-01,SUGAR -GRANULATED-WHITE-PER KG,212101,0.84371686,Sugar
2008-04-01,APPLES-DESSERT-PER KG,212717,1.51764,Apples
2008-04-01,BRANDY 70CL BOTTLE,310405,14.453358,Brandy
2008-04-01,LEMONADE-2 LITRE BOTTLE,212008,0.7085185,Lemonade
2008-04-01,ORANGES-CLASS 1-EACH,212709,0.31065136,Oranges
2008-04-01,RED WINE- EUROPEAN 75CL,310421,5.0239906,Red wine
2008-04-01,SUGAR -GRANULATED-WHITE-PER KG,212101,0.8346296,Sugar
2008-05-01,APPLES-DESSERT-PER KG,212717,1.544,Apples
2008-05-01,BRANDY 70CL BOTTLE,310405,14.42669,Brandy
2008-05-01,LEMONADE-2 LITRE BOTTLE,212008,0.68261904,Lemonade
2008-05-01,ORANGES-CLASS 1-EACH,212709,0.31513616,Oranges
2008-05-01,RED WINE- EUROPEAN 75CL,310421,5.000934,Red wine
2008-05-01,SUGAR -GRANULATED-WHITE-PER KG,212101,0.84572095,Sugar
2008-06-01,APPLES-DESSERT-PER KG,212717,1.6039419,Apples
2008-06-01,BRANDY 70CL BOTTLE,310405,14.460145,Brandy
2008-06-01,LEMONADE-2 LITRE BOTTLE,212008,0.71152174,Lemonade
2008-06-01,ORANGES-CLASS 1-EACH,212709,0.3227203,Oranges
2008-06-01,RED WINE- EUROPEAN 75CL,310421,4.9845324,Red wine
2008-06-01,SUGAR -GRANULATED-WHITE-PER KG,212101,0.8839449,Sugar
2008-07-01,APPLES-DESSERT-PER KG,212717,1.6408368,Apples
2008-07-01,BRANDY 70CL BOTTLE,310405,14.7643795,Brandy
2008-07-01,LEMONADE-2 LITRE BOTTLE,212008,0.6861481,Lemonade
2008-07-01,ORANGES-CLASS 1-EACH,212709,0.3271591,Oranges
2008-07-01,RED WINE- EUROPEAN 75CL,310421,4.989299,Red wine
2008-07-01,SUGAR -GRANULATED-WHITE-PER KG,212101,0.8731507,Sugar
2008-08-01,APPLES-DESSERT-PER KG,212717,1.6683952,Apples
2008-08-01,BRANDY 70CL BOTTLE,310405,14.730972,Brandy
2008-08-01,LEMONADE-2 LITRE BOTTLE,212008,0.68273383,Lemonade
2008-08-01,ORANGES-CLASS 1-EACH,212709,0.33290076,Oranges
2008-08-01,RED WINE- EUROPEAN 75CL,310421,4.9512205,Red wine
2008-08-01,SUGAR -GRANULATED-WHITE-PER KG,212101,0.86808217,Sugar
2008-09-01,APPLES-DESSERT-PER KG,212717,1.6507851,Apples
2008-09-01,BRANDY 70CL BOTTLE,310405,14.765036,Brandy
2008-09-01,LEMONADE-2 LITRE BOTTLE,212008,0.6916197,Lemonade
2008-09-01,ORANGES-CLASS 1-EACH,212709,0.32490775,Oranges
2008-09-01,RED WINE- EUROPEAN 75CL,310421,4.964815,Red wine
2008-09-01,SUGAR -GRANULATED-WHITE-PER KG,212101,0.8652,Sugar
2008-10-01,APPLES-DESSERT-PER KG,212717,1.5958333,Apples
2008-10-01,BRANDY 70CL BOTTLE,310405,14.69411,Brandy
2008-10-01,LEMONADE-2 LITRE BOTTLE,212008,0.69950354,Lemonade
2008-10-01,ORANGES-CLASS 1-EACH,212709,0.3208271,Oranges
2008-10-01,RED WINE- EUROPEAN 75CL,310421,4.997617,Red wine
2008-10-01,SUGAR -GRANULATED-WHITE-PER KG,212101,0.8466222,Sugar
2008-11-01,APPLES-DESSERT-PER KG,212717,1.5791632,Apples
2008-11-01,BRANDY 70CL BOTTLE,310405,13.760352,Brandy
2008-11-01,LEMONADE-2 LITRE BOTTLE,212008,0.70078015,Lemonade
2008-11-01,ORANGES-CLASS 1-EACH,212709,0.32682353,Oranges
2008-11-01,RED WINE- EUROPEAN 75CL,310421,4.901562,Red wine
2008-11-01,SUGAR -GRANULATED-WHITE-PER KG,212101,0.87707204,Sugar
2008-12-01,APPLES-DESSERT-PER KG,212717,1.59884,Apples
2008-12-01,BRANDY 70CL BOTTLE,310405,13.841348,Brandy
2008-12-01,LEMONADE-2 LITRE BOTTLE,212008,0.6904379,Lemonade
2008-12-01,ORANGES-CLASS 1-EACH,212709,0.32863638,Oranges
2008-12-01,RED WINE- EUROPEAN 75CL,310421,4.8509345,Red wine
2008-12-01,SUGAR -GRANULATED-WHITE-PER KG,212101,0.8781416,Sugar
2009-01-01,APPLES-DESSERT-PER KG,212717,1.5956846,Apples
2009-01-01,BRANDY 70CL BOTTLE,310405,14.418056,Brandy
2009-01-01,LEMONADE-2 LITRE BOTTLE,212008,0.71355075,Lemonade
2009-01-01,ORANGES-CLASS 1-EACH,212709,0.3318631,Oranges
2009-01-01,RED WINE- EUROPEAN 75CL,310421,4.8811893,Red wine
2009-01-01,SUGAR -GRANULATED-WHITE-PER KG,212101,0.8965596,Sugar
2009-02-01,APPLES-DESSERT-PER KG,212717,1.6122175,Apples
2009-02-01,BRANDY 70CL BOTTLE,310405,14.781014,Brandy
2009-02-01,LEMONADE-2 LITRE BOTTLE,212008,0.7068333,Lemonade
2009-02-01,ORANGES-CLASS 1-EACH,212709,0.33132812,Oranges
2009-02-01,RED WINE- EUROPEAN 75CL,310421,5.074416,Red wine
2009-02-01,SUGAR -GRANULATED-WHITE-PER KG,212101,0.9561951,Sugar
2009-03-01,APPLES-DESSERT-PER KG,212717,1.626748,Apples
2009-03-01,BRANDY 70CL BOTTLE,310405,14.560897,Brandy
2009-03-01,LEMONADE-2 LITRE BOTTLE,212008,0.7010078,Lemonade
2009-03-01,ORANGES-CLASS 1-EACH,212709,0.3273828,Oranges
2009-03-01,RED WINE- EUROPEAN 75CL,310421,5.1950245,Red wine
2009-03-01,SUGAR -GRANULATED-WHITE-PER KG,212101,0.95838565,Sugar
2009-04-01,APPLES-DESSERT-PER KG,212717,1.6889917,Apples
2009-04-01,BRANDY 70CL BOTTLE,310405,14.779862,Brandy
2009-04-01,LEMONADE-2 LITRE BOTTLE,212008,0.69703126,Lemonade
2009-04-01,ORANGES-CLASS 1-EACH,212709,0.3246565,Oranges
2009-04-01,RED WINE- EUROPEAN 75CL,310421,5.120237,Red wine
2009-04-01,SUGAR -GRANULATED-WHITE-PER KG,212101,0.9563839,Sugar
2009-05-01,APPLES-DESSERT-PER KG,212717,1.7029362,Apples
2009-05-01,BRANDY 70CL BOTTLE,310405,14.495839,Brandy
2009-05-01,LEMONADE-2 LITRE BOTTLE,212008,0.71307087,Lemonade
2009-05-01,ORANGES-CLASS 1-EACH,212709,0.32347327,Oranges
2009-05-01,RED WINE- EUROPEAN 75CL,310421,5.058856,Red wine
2009-05-01,SUGAR -GRANULATED-WHITE-PER KG,212101,1.0028125,Sugar
2009-06-01,APPLES-DESSERT-PER KG,212717,1.7008935,Apples
2009-06-01,BRANDY 70CL BOTTLE,310405,14.996241,Brandy
2009-06-01,LEMONADE-2 LITRE BOTTLE,212008,0.70624,Lemonade
2009-06-01,ORANGES-CLASS 1-EACH,212709,0.3194636,Oranges
2009-06-01,RED WINE- EUROPEAN 75CL,310421,5.082417,Red wine
2009-06-01,SUGAR -GRANULATED-WHITE-PER KG,212101,0.95488685,Sugar
2009-07-01,APPLES-DESSERT-PER KG,212717,1.6550212,Apples
2009-07-01,BRANDY 70CL BOTTLE,310405,15.42695,Brandy
2009-07-01,LEMONADE-2 LITRE BOTTLE,212008,0.70061404,Lemonade
2009-07-01,ORANGES-CLASS 1-EACH,212709,0.31780392,Oranges
2009-07-01,RED WINE- EUROPEAN 75CL,310421,5.1970615,Red wine
2009-07-01,SUGAR -GRANULATED-WHITE-PER KG,212101,0.9611556,Sugar
2009-08-01,APPLES-DESSERT-PER KG,212717,1.6218333,Apples
2009-08-01,BRANDY 70CL BOTTLE,310405,15.449352,Brandy
2009-08-01,LEMONADE-2 LITRE BOTTLE,212008,0.7140625,Lemonade
2009-08-01,ORANGES-CLASS 1-EACH,212709,0.3192218,Oranges
2009-08-01,RED WINE- EUROPEAN 75CL,310421,5.288402,Red wine
2009-08-01,SUGAR -GRANULATED-WHITE-PER KG,212101,0.95786667,Sugar
2009-09-01,APPLES-DESSERT-PER KG,212717,1.5825942,Apples
2009-09-01,BRANDY 70CL BOTTLE,310405,15.592028,Brandy
2009-09-01,LEMONADE-2 LITRE BOTTLE,212008,0.71340907,Lemonade
2009-09-01,ORANGES-CLASS 1-EACH,212709,0.31206107,Oranges
2009-09-01,RED WINE- EUROPEAN 75CL,310421,5.2496295,Red wine
2009-09-01,SUGAR -GRANULATED-WHITE-PER KG,212101,0.950354,Sugar
2009-10-01,APPLES-DESSERT-PER KG,212717,1.5489452,Apples
2009-10-01,BRANDY 70CL BOTTLE,310405,15.937795,Brandy
2009-10-01,LEMONADE-2 LITRE BOTTLE,212008,0.72992754,Lemonade
2009-10-01,ORANGES-CLASS 1-EACH,212709,0.306139,Oranges
2009-10-01,RED WINE- EUROPEAN 75CL,310421,5.264352,Red wine
2009-10-01,SUGAR -GRANULATED-WHITE-PER KG,212101,0.9500441,Sugar
2009-11-01,APPLES-DESSERT-PER KG,212717,1.5513636,Apples
2009-11-01,BRANDY 70CL BOTTLE,310405,15.380447,Brandy
2009-11-01,LEMONADE-2 LITRE BOTTLE,212008,0.7307914,Lemonade
2009-11-01,ORANGES-CLASS 1-EACH,212709,0.32511538,Oranges
2009-11-01,RED WINE- EUROPEAN 75CL,310421,5.2485714,Red wine
2009-11-01,SUGAR -GRANULATED-WHITE-PER KG,212101,0.95468754,Sugar
2009-12-01,APPLES-DESSERT-PER KG,212717,1.5781742,Apples
2009-12-01,BRANDY 70CL BOTTLE,310405,15.14647,Brandy
2009-12-01,LEMONADE-2 LITRE BOTTLE,212008,0.7218116,Lemonade
2009-12-01,ORANGES-CLASS 1-EACH,212709,0.3461194,Oranges
2009-12-01,RED WINE- EUROPEAN 75CL,310421,5.182648,Red wine
2009-12-01,SUGAR -GRANULATED-WHITE-PER KG,212101,0.97946435,Sugar
2010-01-01,APPLES-DESSERT-PER KG,212717,1.6023077,Apples
2010-01-01,BRANDY 70CL BOTTLE,310405,15.42504,Brandy
2010-01-01,LEMONADE-2 LITRE BOTTLE,212008,0.71441174,Lemonade
2010-01-01,ORANGES-CLASS 1-EACH,212709,0.35693184,Oranges
2010-01-01,RED WINE- EUROPEAN 75CL,310421,5.3704205,Red wine
2010-01-01,SUGAR -GRANULATED-WHITE-PER KG,212101,0.9994144,Sugar
2010-02-01,APPLES-DESSERT-PER KG,212717,1.5975319,Apples
2010-02-01,BRANDY 70CL BOTTLE,310405,15.633565,Brandy
2010-02-01,LEMONADE-2 LITRE BOTTLE,212008,0.72133857,Lemonade
2010-02-01,ORANGES-CLASS 1-EACH,212709,0.3606746,Oranges
2010-02-01,RED WINE- EUROPEAN 75CL,310421,5.4793468,Red wine
2010-02-01,SUGAR -GRANULATED-WHITE-PER KG,212101,0.98784405,Sugar
2010-03-01,APPLES-DESSERT-PER KG,212717,1.6323628,Apples
2010-03-01,BRANDY 70CL BOTTLE,310405,15.125313,Brandy
2010-03-01,LEMONADE-2 LITRE BOTTLE,212008,0.74366903,Lemonade
2010-03-01,ORANGES-CLASS 1-EACH,212709,0.35332015,Oranges
2010-03-01,RED WINE- EUROPEAN 75CL,310421,5.4150233,Red wine
2010-03-01,SUGAR -GRANULATED-WHITE-PER KG,212101,0.97659194,Sugar
2010-04-01,APPLES-DESSERT-PER KG,212717,1.6659425,Apples
2010-04-01,BRANDY 70CL BOTTLE,310405,15.771628,Brandy
2010-04-01,LEMONADE-2 LITRE BOTTLE,212008,0.72921985,Lemonade
2010-04-01,ORANGES-CLASS 1-EACH,212709,0.36669204,Oranges
2010-04-01,RED WINE- EUROPEAN 75CL,310421,5.6540003,Red wine
2010-04-01,SUGAR -GRANULATED-WHITE-PER KG,212101,0.97459227,Sugar
2010-05-01,APPLES-DESSERT-PER KG,212717,1.722314,Apples
2010-05-01,BRANDY 70CL BOTTLE,310405,15.525368,Brandy
2010-05-01,LEMONADE-2 LITRE BOTTLE,212008,0.7393662,Lemonade
2010-05-01,ORANGES-CLASS 1-EACH,212709,0.37089843,Oranges
2010-05-01,RED WINE- EUROPEAN 75CL,310421,5.7182627,Red wine
2010-05-01,SUGAR -GRANULATED-WHITE-PER KG,212101,0.97329,Sugar
2010-06-01,APPLES-DESSERT-PER KG,212717,1.7478367,Apples
2010-06-01,BRANDY 70CL BOTTLE,310405,15.285488,Brandy
2010-06-01,LEMONADE-2 LITRE BOTTLE,212008,0.7471739,Lemonade
2010-06-01,ORANGES-CLASS 1-EACH,212709,0.371627,Oranges
2010-06-01,RED WINE- EUROPEAN 75CL,310421,5.5439377,Red wine
2010-06-01,SUGAR -GRANULATED-WHITE-PER KG,212101,0.97791487,Sugar
2010-07-01,APPLES-DESSERT-PER KG,212717,1.7815164,Apples
2010-07-01,BRANDY 70CL BOTTLE,310405,15.602519,Brandy
2010-07-01,LEMONADE-2 LITRE BOTTLE,212008,0.7804478,Lemonade
2010-07-01,ORANGES-CLASS 1-EACH,212709,0.38921487,Oranges
2010-07-01,RED WINE- EUROPEAN 75CL,310421,5.42476,Red wine
2010-07-01,SUGAR -GRANULATED-WHITE-PER KG,212101,0.98299146,Sugar
2010-08-01,APPLES-DESSERT-PER KG,212717,1.7917814,Apples
2010-08-01,BRANDY 70CL BOTTLE,310405,15.608637,Brandy
2010-08-01,LEMONADE-2 LITRE BOTTLE,212008,0.78880596,Lemonade
2010-08-01,ORANGES-CLASS 1-EACH,212709,0.38826922,Oranges
2010-08-01,RED WINE- EUROPEAN 75CL,310421,5.5725603,Red wine
2010-08-01,SUGAR -GRANULATED-WHITE-PER KG,212101,0.91935897,Sugar
2010-09-01,APPLES-DESSERT-PER KG,212717,1.80448,Apples
2010-09-01,BRANDY 70CL BOTTLE,310405,15.885984,Brandy
2010-09-01,LEMONADE-2 LITRE BOTTLE,212008,0.7826119,Lemonade
2010-09-01,ORANGES-CLASS 1-EACH,212709,0.380695,Oranges
2010-09-01,RED WINE- EUROPEAN 75CL,310421,5.6931005,Red wine
2010-09-01,SUGAR -GRANULATED-WHITE-PER KG,212101,0.93642855,Sugar
2010-10-01,APPLES-DESSERT-PER KG,212717,1.8014055,Apples
2010-10-01,BRANDY 70CL BOTTLE,310405,15.541429,Brandy
2010-10-01,LEMONADE-2 LITRE BOTTLE,212008,0.7923134,Lemonade
2010-10-01,ORANGES-CLASS 1-EACH,212709,0.38377863,Oranges
2010-10-01,RED WINE- EUROPEAN 75CL,310421,5.8176365,Red wine
2010-10-01,SUGAR -GRANULATED-WHITE-PER KG,212101,0.9122269,Sugar
2010-11-01,APPLES-DESSERT-PER KG,212717,1.77475,Apples
2010-11-01,BRANDY 70CL BOTTLE,310405,15.488456,Brandy
2010-11-01,LEMONADE-2 LITRE BOTTLE,212008,0.77720934,Lemonade
2010-11-01,ORANGES-CLASS 1-EACH,212709,0.37211382,Oranges
2010-11-01,RED WINE- EUROPEAN 75CL,310421,5.6263475,Red wine
2010-11-01,SUGAR -GRANULATED-WHITE-PER KG,212101,0.9002586,Sugar
2010-12-01,APPLES-DESSERT-PER KG,212717,1.7230121,Apples
2010-12-01,BRANDY 70CL BOTTLE,310405,15.118683,Brandy
2010-12-01,LEMONADE-2 LITRE BOTTLE,212008,0.78015155,Lemonade
2010-12-01,ORANGES-CLASS 1-EACH,212709,0.37674603,Oranges
2010-12-01,RED WINE- EUROPEAN 75CL,310421,5.903455,Red wine
2010-12-01,SUGAR -GRANULATED-WHITE-PER KG,212101,0.9634914,Sugar
2011-01-01,APPLES-DESSERT-PER KG,212717,1.7574089,Apples
2011-01-01,BRANDY 70CL BOTTLE,310405,16.15903,Brandy
2011-01-01,LEMONADE-2 LITRE BOTTLE,212008,0.793876,Lemonade
2011-01-01,ORANGES-CLASS 1-EACH,212709,0.36793652,Oranges
2011-01-01,RED WINE- EUROPEAN 75CL,310421,5.8530097,Red wine
2011-01-01,SUGAR -GRANULATED-WHITE-PER KG,212101,1.0168376,Sugar
2011-02-01,APPLES-DESSERT-PER KG,212717,1.7286135,Apples
2011-02-01,BRANDY 70CL BOTTLE,310405,16.741268,Brandy
2011-02-01,LEMONADE-2 LITRE BOTTLE,212008,0.81275594,Lemonade
2011-02-01,ORANGES-CLASS 1-EACH,212709,0.36117646,Oranges
2011-02-01,RED WINE- EUROPEAN 75CL,310421,6.0727315,Red wine
2011-02-01,SUGAR -GRANULATED-WHITE-PER KG,212101,1.0238183,Sugar
2011-03-01,APPLES-DESSERT-PER KG,212717,1.7197188,Apples
2011-03-01,BRANDY 70CL BOTTLE,310405,16.19706,Brandy
2011-03-01,LEMONADE-2 LITRE BOTTLE,212008,0.8314394,Lemonade
2011-03-01,ORANGES-CLASS 1-EACH,212709,0.36531746,Oranges
2011-03-01,RED WINE- EUROPEAN 75CL,310421,6.107634,Red wine
2011-03-01,SUGAR -GRANULATED-WHITE-PER KG,212101,0.94350874,Sugar
2011-04-01,APPLES-DESSERT-PER KG,212717,1.7308,Apples
2011-04-01,BRANDY 70CL BOTTLE,310405,16.846796,Brandy
2011-04-01,LEMONADE-2 LITRE BOTTLE,212008,0.8154032,Lemonade
2011-04-01,ORANGES-CLASS 1-EACH,212709,0.3655,Oranges
2011-04-01,RED WINE- EUROPEAN 75CL,310421,6.241473,Red wine
2011-04-01,SUGAR -GRANULATED-WHITE-PER KG,212101,0.92573994,Sugar
2011-05-01,APPLES-DESSERT-PER KG,212717,1.7219068,Apples
2011-05-01,BRANDY 70CL BOTTLE,310405,16.82907,Brandy
2011-05-01,LEMONADE-2 LITRE BOTTLE,212008,0.8428125,Lemonade
2011-05-01,ORANGES-CLASS 1-EACH,212709,0.3653527,Oranges
2011-05-01,RED WINE- EUROPEAN 75CL,310421,6.1367617,Red wine
2011-05-01,SUGAR -GRANULATED-WHITE-PER KG,212101,1.0153165,Sugar
2011-06-01,APPLES-DESSERT-PER KG,212717,1.7738528,Apples
2011-06-01,BRANDY 70CL BOTTLE,310405,16.939627,Brandy
2011-06-01,LEMONADE-2 LITRE BOTTLE,212008,0.86207694,Lemonade
2011-06-01,ORANGES-CLASS 1-EACH,212709,0.3637705,Oranges
2011-06-01,RED WINE- EUROPEAN 75CL,310421,6.2573056,Red wine
2011-06-01,SUGAR -GRANULATED-WHITE-PER KG,212101,1.0247436,Sugar
2011-07-01,APPLES-DESSERT-PER KG,212717,1.8040506,Apples
2011-07-01,BRANDY 70CL BOTTLE,310405,17.166489,Brandy
2011-07-01,LEMONADE-2 LITRE BOTTLE,212008,0.8465873,Lemonade
2011-07-01,ORANGES-CLASS 1-EACH,212709,0.36487806,Oranges
2011-07-01,RED WINE- EUROPEAN 75CL,310421,6.2537556,Red wine
2011-07-01,SUGAR -GRANULATED-WHITE-PER KG,212101,1.0390717,Sugar
2011-08-01,APPLES-DESSERT-PER KG,212717,1.81639,Apples
2011-08-01,BRANDY 70CL BOTTLE,310405,16.324064,Brandy
2011-08-01,LEMONADE-2 LITRE BOTTLE,212008,0.8540458,Lemonade
2011-08-01,ORANGES-CLASS 1-EACH,212709,0.37533864,Oranges
2011-08-01,RED WINE- EUROPEAN 75CL,310421,6.268296,Red wine
2011-08-01,SUGAR -GRANULATED-WHITE-PER KG,212101,1.041841,Sugar
2011-09-01,APPLES-DESSERT-PER KG,212717,1.8242797,Apples
2011-09-01,BRANDY 70CL BOTTLE,310405,17.181095,Brandy
2011-09-01,LEMONADE-2 LITRE BOTTLE,212008,0.84466165,Lemonade
2011-09-01,ORANGES-CLASS 1-EACH,212709,0.37607843,Oranges
2011-09-01,RED WINE- EUROPEAN 75CL,310421,6.0757966,Red wine
2011-09-01,SUGAR -GRANULATED-WHITE-PER KG,212101,1.0309829,Sugar
2011-10-01,APPLES-DESSERT-PER KG,212717,1.7736018,Apples
2011-10-01,BRANDY 70CL BOTTLE,310405,17.391695,Brandy
2011-10-01,LEMONADE-2 LITRE BOTTLE,212008,0.85037595,Lemonade
2011-10-01,ORANGES-CLASS 1-EACH,212709,0.3773828,Oranges
2011-10-01,RED WINE- EUROPEAN 75CL,310421,6.1746397,Red wine
2011-10-01,SUGAR -GRANULATED-WHITE-PER KG,212101,1.0407203,Sugar
2011-11-01,APPLES-DESSERT-PER KG,212717,1.729181,Apples
2011-11-01,BRANDY 70CL BOTTLE,310405,16.613178,Brandy
2011-11-01,LEMONADE-2 LITRE BOTTLE,212008,0.8500757,Lemonade
2011-11-01,ORANGES-CLASS 1-EACH,212709,0.37768924,Oranges
2011-11-01,RED WINE- EUROPEAN 75CL,310421,6.189822,Red wine
2011-11-01,SUGAR -GRANULATED-WHITE-PER KG,212101,1.0612658,Sugar
2011-12-01,APPLES-DESSERT-PER KG,212717,1.7436017,Apples
2011-12-01,BRANDY 70CL BOTTLE,310405,15.674646,Brandy
2011-12-01,LEMONADE-2 LITRE BOTTLE,212008,0.8330303,Lemonade
2011-12-01,ORANGES-CLASS 1-EACH,212709,0.36960158,Oranges
2011-12-01,RED WINE- EUROPEAN 75CL,310421,6.0458035,Red wine
2011-12-01,SUGAR -GRANULATED-WHITE-PER KG,212101,1.0829114,Sugar
2012-01-01,APPLES-DESSERT-PER KG,212717,1.7310925,Apples
2012-01-01,BRANDY 70CL BOTTLE,310405,17.339647,Brandy
2012-01-01,LEMONADE-2 LITRE BOTTLE,212008,0.89431816,Lemonade
2012-01-01,ORANGES-CLASS 1-EACH,212709,0.34508064,Oranges
2012-01-01,RED WINE- EUROPEAN 75CL,310421,6.2075653,Red wine
2012-01-01,SUGAR -GRANULATED-WHITE-PER KG,212101,1.0650877,Sugar
2012-02-01,APPLES-DESSERT-PER KG,212717,1.7327948,Apples
2012-02-01,BRANDY 70CL BOTTLE,310405,17.336159,Brandy
2012-02-01,LEMONADE-2 LITRE BOTTLE,212008,0.89448816,Lemonade
2012-02-01,ORANGES-CLASS 1-EACH,212709,0.3487764,Oranges
2012-02-01,RED WINE- EUROPEAN 75CL,310421,6.3796697,Red wine
2012-02-01,SUGAR -GRANULATED-WHITE-PER KG,212101,1.1311009,Sugar
2012-03-01,APPLES-DESSERT-PER KG,212717,1.7255365,Apples
2012-03-01,BRANDY 70CL BOTTLE,310405,17.482481,Brandy
2012-03-01,LEMONADE-2 LITRE BOTTLE,212008,0.8891339,Lemonade
2012-03-01,ORANGES-CLASS 1-EACH,212709,0.33798447,Oranges
2012-03-01,RED WINE- EUROPEAN 75CL,310421,6.490874,Red wine
2012-03-01,SUGAR -GRANULATED-WHITE-PER KG,212101,1.123234,Sugar
2012-04-01,APPLES-DESSERT-PER KG,212717,1.7326471,Apples
2012-04-01,BRANDY 70CL BOTTLE,310405,17.94703,Brandy
2012-04-01,LEMONADE-2 LITRE BOTTLE,212008,0.84685034,Lemonade
2012-04-01,ORANGES-CLASS 1-EACH,212709,0.33918917,Oranges
2012-04-01,RED WINE- EUROPEAN 75CL,310421,6.294434,Red wine
2012-04-01,SUGAR -GRANULATED-WHITE-PER KG,212101,1.1242918,Sugar
2012-05-01,APPLES-DESSERT-PER KG,212717,1.7242359,Apples
2012-05-01,BRANDY 70CL BOTTLE,310405,17.441286,Brandy
2012-05-01,LEMONADE-2 LITRE BOTTLE,212008,0.88480914,Lemonade
2012-05-01,ORANGES-CLASS 1-EACH,212709,0.3346063,Oranges
2012-05-01,RED WINE- EUROPEAN 75CL,310421,6.49271,Red wine
2012-05-01,SUGAR -GRANULATED-WHITE-PER KG,212101,1.1218376,Sugar
2012-06-01,APPLES-DESSERT-PER KG,212717,1.7809607,Apples
2012-06-01,BRANDY 70CL BOTTLE,310405,17.54478,Brandy
2012-06-01,LEMONADE-2 LITRE BOTTLE,212008,0.84496456,Lemonade
2012-06-01,ORANGES-CLASS 1-EACH,212709,0.340549,Oranges
2012-06-01,RED WINE- EUROPEAN 75CL,310421,6.420091,Red wine
2012-06-01,SUGAR -GRANULATED-WHITE-PER KG,212101,1.1183474,Sugar
2012-07-01,APPLES-DESSERT-PER KG,212717,1.7951584,Apples
2012-07-01,BRANDY 70CL BOTTLE,310405,17.40797,Brandy
2012-07-01,LEMONADE-2 LITRE BOTTLE,212008,0.862,Lemonade
2012-07-01,ORANGES-CLASS 1-EACH,212709,0.34626985,Oranges
2012-07-01,RED WINE- EUROPEAN 75CL,310421,6.32896,Red wine
2012-07-01,SUGAR -GRANULATED-WHITE-PER KG,212101,1.1029203,Sugar
2012-08-01,APPLES-DESSERT-PER KG,212717,1.8306141,Apples
2012-08-01,BRANDY 70CL BOTTLE,310405,17.228603,Brandy
2012-08-01,LEMONADE-2 LITRE BOTTLE,212008,0.88380283,Lemonade
2012-08-01,ORANGES-CLASS 1-EACH,212709,0.3501976,Oranges
2012-08-01,RED WINE- EUROPEAN 75CL,310421,6.1006947,Red wine
2012-08-01,SUGAR -GRANULATED-WHITE-PER KG,212101,1.0761088,Sugar
2012-09-01,APPLES-DESSERT-PER KG,212717,1.818319,Apples
2012-09-01,BRANDY 70CL BOTTLE,310405,17.70389,Brandy
2012-09-01,LEMONADE-2 LITRE BOTTLE,212008,0.88605636,Lemonade
2012-09-01,ORANGES-CLASS 1-EACH,212709,0.35424125,Oranges
2012-09-01,RED WINE- EUROPEAN 75CL,310421,6.277671,Red wine
2012-09-01,SUGAR -GRANULATED-WHITE-PER KG,212101,1.0738333,Sugar
2012-10-01,APPLES-DESSERT-PER KG,212717,1.8809417,Apples
2012-10-01,BRANDY 70CL BOTTLE,310405,17.503077,Brandy
2012-10-01,LEMONADE-2 LITRE BOTTLE,212008,0.9035971,Lemonade
2012-10-01,ORANGES-CLASS 1-EACH,212709,0.34699604,Oranges
2012-10-01,RED WINE- EUROPEAN 75CL,310421,6.337248,Red wine
2012-10-01,SUGAR -GRANULATED-WHITE-PER KG,212101,1.0773305,Sugar
2012-11-01,APPLES-DESSERT-PER KG,212717,1.889869,Apples
2012-11-01,BRANDY 70CL BOTTLE,310405,17.5003,Brandy
2012-11-01,LEMONADE-2 LITRE BOTTLE,212008,0.890137,Lemonade
2012-11-01,ORANGES-CLASS 1-EACH,212709,0.3492278,Oranges
2012-11-01,RED WINE- EUROPEAN 75CL,310421,6.3121676,Red wine
2012-11-01,SUGAR -GRANULATED-WHITE-PER KG,212101,1.0657322,Sugar
2012-12-01,APPLES-DESSERT-PER KG,212717,1.9273932,Apples
2012-12-01,BRANDY 70CL BOTTLE,310405,16.9725,Brandy
2012-12-01,LEMONADE-2 LITRE BOTTLE,212008,0.8428169,Lemonade
2012-12-01,ORANGES-CLASS 1-EACH,212709,0.358659,Oranges
2012-12-01,RED WINE- EUROPEAN 75CL,310421,6.1486425,Red wine
2012-12-01,SUGAR -GRANULATED-WHITE-PER KG,212101,1.0919915,Sugar
2013-01-01,APPLES-DESSERT-PER KG,212717,1.9390666,Apples
2013-01-01,BRANDY 70CL BOTTLE,310405,18.26613,Brandy
2013-01-01,LEMONADE-2 LITRE BOTTLE,212008,0.9074125,Lemonade
2013-01-01,ORANGES-CLASS 1-EACH,212709,0.3626378,Oranges
2013-01-01,RED WINE- EUROPEAN 75CL,310421,6.438943,Red wine
2013-01-01,SUGAR -GRANULATED-WHITE-PER KG,212101,1.0698334,Sugar
2013-02-01,APPLES-DESSERT-PER KG,212717,1.9568636,Apples
2013-02-01,BRANDY 70CL BOTTLE,310405,18.240597,Brandy
2013-02-01,LEMONADE-2 LITRE BOTTLE,212008,0.90900004,Lemonade
2013-02-01,ORANGES-CLASS 1-EACH,212709,0.36177686,Oranges
2013-02-01,RED WINE- EUROPEAN 75CL,310421,6.2154207,Red wine
2013-02-01,SUGAR -GRANULATED-WHITE-PER KG,212101,1.0911454,Sugar
2013-03-01,APPLES-DESSERT-PER KG,212717,1.9620175,Apples
2013-03-01,BRANDY 70CL BOTTLE,310405,18.25391,Brandy
2013-03-01,LEMONADE-2 LITRE BOTTLE,212008,0.91641384,Lemonade
2013-03-01,ORANGES-CLASS 1-EACH,212709,0.3568,Oranges
2013-03-01,RED WINE- EUROPEAN 75CL,310421,6.7157745,Red wine
2013-03-01,SUGAR -GRANULATED-WHITE-PER KG,212101,1.0677391,Sugar
2013-04-01,APPLES-DESSERT-PER KG,212717,1.9692343,Apples
2013-04-01,BRANDY 70CL BOTTLE,310405,19.053759,Brandy
2013-04-01,LEMONADE-2 LITRE BOTTLE,212008,0.9036986,Lemonade
2013-04-01,ORANGES-CLASS 1-EACH,212709,0.35262948,Oranges
2013-04-01,RED WINE- EUROPEAN 75CL,310421,6.68514,Red wine
2013-04-01,SUGAR -GRANULATED-WHITE-PER KG,212101,1.080917,Sugar
2013-05-01,APPLES-DESSERT-PER KG,212717,2.0058715,Apples
2013-05-01,BRANDY 70CL BOTTLE,310405,18.532084,Brandy
2013-05-01,LEMONADE-2 LITRE BOTTLE,212008,0.91180557,Lemonade
2013-05-01,ORANGES-CLASS 1-EACH,212709,0.34915322,Oranges
2013-05-01,RED WINE- EUROPEAN 75CL,310421,6.7841983,Red wine
2013-05-01,SUGAR -GRANULATED-WHITE-PER KG,212101,1.0906956,Sugar
2013-06-01,APPLES-DESSERT-PER KG,212717,1.9923853,Apples
2013-06-01,BRANDY 70CL BOTTLE,310405,18.775839,Brandy
2013-06-01,LEMONADE-2 LITRE BOTTLE,212008,0.85282755,Lemonade
2013-06-01,ORANGES-CLASS 1-EACH,212709,0.34048387,Oranges
2013-06-01,RED WINE- EUROPEAN 75CL,310421,6.765849,Red wine
2013-06-01,SUGAR -GRANULATED-WHITE-PER KG,212101,1.1937083,Sugar
2013-07-01,APPLES-DESSERT-PER KG,212717,2.0219536,Apples
2013-07-01,BRANDY 70CL BOTTLE,310405,18.475258,Brandy
2013-07-01,LEMONADE-2 LITRE BOTTLE,212008,0.8441606,Lemonade
2013-07-01,ORANGES-CLASS 1-EACH,212709,0.37283188,Oranges
2013-07-01,RED WINE- EUROPEAN 75CL,310421,7.269424,Red wine
2013-07-01,SUGAR -GRANULATED-WHITE-PER KG,212101,1.1986667,Sugar
2013-08-01,APPLES-DESSERT-PER KG,212717,2.0833333,Apples
2013-08-01,BRANDY 70CL BOTTLE,310405,18.313284,Brandy
2013-08-01,LEMONADE-2 LITRE BOTTLE,212008,0.9001408,Lemonade
2013-08-01,ORANGES-CLASS 1-EACH,212709,0.3704721,Oranges
2013-08-01,RED WINE- EUROPEAN 75CL,310421,6.5982566,Red wine
2013-08-01,SUGAR -GRANULATED-WHITE-PER KG,212101,1.1187191,Sugar
2013-09-01,APPLES-DESSERT-PER KG,212717,2.147243,Apples
2013-09-01,BRANDY 70CL BOTTLE,310405,18.568394,Brandy
2013-09-01,LEMONADE-2 LITRE BOTTLE,212008,0.9064789,Lemonade
2013-09-01,ORANGES-CLASS 1-EACH,212709,0.36700425,Oranges
2013-09-01,RED WINE- EUROPEAN 75CL,310421,7.0819707,Red wine
2013-09-01,SUGAR -GRANULATED-WHITE-PER KG,212101,1.0932912,Sugar
2013-10-01,APPLES-DESSERT-PER KG,212717,2.0708153,Apples
2013-10-01,BRANDY 70CL BOTTLE,310405,18.898949,Brandy
2013-10-01,LEMONADE-2 LITRE BOTTLE,212008,0.86056733,Lemonade
2013-10-01,ORANGES-CLASS 1-EACH,212709,0.36380342,Oranges
2013-10-01,RED WINE- EUROPEAN 75CL,310421,6.915692,Red wine
2013-10-01,SUGAR -GRANULATED-WHITE-PER KG,212101,1.0843278,Sugar
2013-11-01,APPLES-DESSERT-PER KG,212717,1.9614835,Apples
2013-11-01,BRANDY 70CL BOTTLE,310405,17.785896,Brandy
2013-11-01,LEMONADE-2 LITRE BOTTLE,212008,0.8697917,Lemonade
2013-11-01,ORANGES-CLASS 1-EACH,212709,0.3574074,Oranges
2013-11-01,RED WINE- EUROPEAN 75CL,310421,7.032727,Red wine
2013-11-01,SUGAR -GRANULATED-WHITE-PER KG,212101,1.0515814,Sugar
2013-12-01,APPLES-DESSERT-PER KG,212717,1.9546154,Apples
2013-12-01,BRANDY 70CL BOTTLE,310405,17.48635,Brandy
2013-12-01,LEMONADE-2 LITRE BOTTLE,212008,0.85909724,Lemonade
2013-12-01,ORANGES-CLASS 1-EACH,212709,0.35471073,Oranges
2013-12-01,RED WINE- EUROPEAN 75CL,310421,6.328831,Red wine
2013-12-01,SUGAR -GRANULATED-WHITE-PER KG,212101,1.0333195,Sugar
2014-01-01,APPLES-DESSERT-PER KG,212717,1.9765455,Apples
2014-01-01,BRANDY 70CL BOTTLE,310405,18.662907,Brandy
2014-01-01,LEMONADE-2 LITRE BOTTLE,212008,0.9032638,Lemonade
2014-01-01,ORANGES-CLASS 1-EACH,212709,0.3647791,Oranges
2014-01-01,RED WINE- EUROPEAN 75CL,310421,6.8716,Red wine
2014-01-01,SUGAR -GRANULATED-WHITE-PER KG,212101,1.0324686,Sugar
2014-02-01,APPLES-DESSERT-PER KG,212717,1.9782326,Apples
2014-02-01,BRANDY 70CL BOTTLE,310405,18.640375,Brandy
2014-02-01,LEMONADE-2 LITRE BOTTLE,212008,0.92014813,Lemonade
2014-02-01,ORANGES-CLASS 1-EACH,212709,0.35474578,Oranges
2014-02-01,RED WINE- EUROPEAN 75CL,310421,7.1325364,Red wine
2014-02-01,SUGAR -GRANULATED-WHITE-PER KG,212101,1.0390179,Sugar
2014-03-01,APPLES-DESSERT-PER KG,212717,1.9541777,Apples
2014-03-01,BRANDY 70CL BOTTLE,310405,18.934013,Brandy
2014-03-01,LEMONADE-2 LITRE BOTTLE,212008,0.93095887,Lemonade
2014-03-01,ORANGES-CLASS 1-EACH,212709,0.34650204,Oranges
2014-03-01,RED WINE- EUROPEAN 75CL,310421,7.24,Red wine
2014-03-01,SUGAR -GRANULATED-WHITE-PER KG,212101,1.0728837,Sugar
2014-04-01,APPLES-DESSERT-PER KG,212717,1.9582728,Apples
2014-04-01,BRANDY 70CL BOTTLE,310405,17.981398,Brandy
2014-04-01,LEMONADE-2 LITRE BOTTLE,212008,0.92451394,Lemonade
2014-04-01,ORANGES-CLASS 1-EACH,212709,0.34762096,Oranges
2014-04-01,RED WINE- EUROPEAN 75CL,310421,6.8051376,Red wine
2014-04-01,SUGAR -GRANULATED-WHITE-PER KG,212101,1.1403306,Sugar
2014-05-01,APPLES-DESSERT-PER KG,212717,1.9734703,Apples
2014-05-01,BRANDY 70CL BOTTLE,310405,18.807652,Brandy
2014-05-01,LEMONADE-2 LITRE BOTTLE,212008,0.90047944,Lemonade
2014-05-01,ORANGES-CLASS 1-EACH,212709,0.34728345,Oranges
2014-05-01,RED WINE- EUROPEAN 75CL,310421,7.1846604,Red wine
2014-05-01,SUGAR -GRANULATED-WHITE-PER KG,212101,0.9934188,Sugar
2014-06-01,APPLES-DESSERT-PER KG,212717,1.9684976,Apples
2014-06-01,BRANDY 70CL BOTTLE,310405,18.310465,Brandy
2014-06-01,LEMONADE-2 LITRE BOTTLE,212008,0.85249996,Lemonade
2014-06-01,ORANGES-CLASS 1-EACH,212709,0.34734693,Oranges
2014-06-01,RED WINE- EUROPEAN 75CL,310421,6.9383483,Red wine
2014-06-01,SUGAR -GRANULATED-WHITE-PER KG,212101,0.97438824,Sugar
2014-07-01,APPLES-DESSERT-PER KG,212717,1.9907835,Apples
2014-07-01,BRANDY 70CL BOTTLE,310405,18.516232,Brandy
2014-07-01,LEMONADE-2 LITRE BOTTLE,212008,0.844726,Lemonade
2014-07-01,ORANGES-CLASS 1-EACH,212709,0.35128,Oranges
2014-07-01,RED WINE- EUROPEAN 75CL,310421,7.169488,Red wine
2014-07-01,SUGAR -GRANULATED-WHITE-PER KG,212101,0.9688018,Sugar
2014-08-01,APPLES-DESSERT-PER KG,212717,1.9547619,Apples
2014-08-01,BRANDY 70CL BOTTLE,310405,18.105865,Brandy
2014-08-01,LEMONADE-2 LITRE BOTTLE,212008,0.9041135,Lemonade
2014-08-01,ORANGES-CLASS 1-EACH,212709,0.36417672,Oranges
2014-08-01,RED WINE- EUROPEAN 75CL,310421,7.1239476,Red wine
2014-08-01,SUGAR -GRANULATED-WHITE-PER KG,212101,0.95519656,Sugar
2014-09-01,APPLES-DESSERT-PER KG,212717,1.966479,Apples
2014-09-01,BRANDY 70CL BOTTLE,310405,18.365149,Brandy
2014-09-01,LEMONADE-2 LITRE BOTTLE,212008,0.8783823,Lemonade
2014-09-01,ORANGES-CLASS 1-EACH,212709,0.36401576,Oranges
2014-09-01,RED WINE- EUROPEAN 75CL,310421,6.7671614,Red wine
2014-09-01,SUGAR -GRANULATED-WHITE-PER KG,212101,0.9622467,Sugar
2014-10-01,APPLES-DESSERT-PER KG,212717,1.9276389,Apples
2014-10-01,BRANDY 70CL BOTTLE,310405,18.708427,Brandy
2014-10-01,LEMONADE-2 LITRE BOTTLE,212008,0.88195807,Lemonade
2014-10-01,ORANGES-CLASS 1-EACH,212709,0.36542636,Oranges
2014-10-01,RED WINE- EUROPEAN 75CL,310421,7.0934544,Red wine
2014-10-01,SUGAR -GRANULATED-WHITE-PER KG,212101,0.93935484,Sugar
2014-11-01,APPLES-DESSERT-PER KG,212717,1.9267118,Apples
2014-11-01,BRANDY 70CL BOTTLE,310405,17.520576,Brandy
2014-11-01,LEMONADE-2 LITRE BOTTLE,212008,0.8376552,Lemonade
2014-11-01,ORANGES-CLASS 1-EACH,212709,0.36205882,Oranges
2014-11-01,RED WINE- EUROPEAN 75CL,310421,6.9268003,Red wine
2014-11-01,SUGAR -GRANULATED-WHITE-PER KG,212101,0.9410698,Sugar
2014-12-01,APPLES-DESSERT-PER KG,212717,1.8988392,Apples
2014-12-01,BRANDY 70CL BOTTLE,310405,17.280798,Brandy
2014-12-01,LEMONADE-2 LITRE BOTTLE,212008,0.8060959,Lemonade
2014-12-01,ORANGES-CLASS 1-EACH,212709,0.3654878,Oranges
2014-12-01,RED WINE- EUROPEAN 75CL,310421,6.691894,Red wine
2014-12-01,SUGAR -GRANULATED-WHITE-PER KG,212101,0.9377251,Sugar
2015-01-01,APPLES-DESSERT-PER KG,212717,1.9418751,Apples
2015-01-01,BRANDY 70CL BOTTLE,310405,18.646544,Brandy
2015-01-01,LEMONADE-2 LITRE BOTTLE,212008,0.87153846,Lemonade
2015-01-01,ORANGES-CLASS 1-EACH,212709,0.381748,Oranges
2015-01-01,RED WINE- EUROPEAN 75CL,310421,7.0401754,Red wine
2015-01-01,SUGAR -GRANULATED-WHITE-PER KG,212101,0.98133034,Sugar
2015-02-01,APPLES-DESSERT-PER KG,212717,1.9313965,Apples
2015-02-01,BRANDY 70CL BOTTLE,310405,18.391832,Brandy
2015-02-01,LEMONADE-2 LITRE BOTTLE,212008,0.8632331,Lemonade
2015-02-01,ORANGES-CLASS 1-EACH,212709,0.38162503,Oranges
2015-02-01,RED WINE- EUROPEAN 75CL,310421,7.033825,Red wine
2015-02-01,SUGAR -GRANULATED-WHITE-PER KG,212101,0.9885282,Sugar
2015-03-01,APPLES-DESSERT-PER KG,212717,1.926062,Apples
2015-03-01,BRANDY 70CL BOTTLE,310405,18.258602,Brandy
2015-03-01,LEMONADE-2 LITRE BOTTLE,212008,0.8106522,Lemonade
2015-03-01,ORANGES-CLASS 1-EACH,212709,0.38583335,Oranges
2015-03-01,RED WINE- EUROPEAN 75CL,310421,7.1128383,Red wine
2015-03-01,SUGAR -GRANULATED-WHITE-PER KG,212101,0.99341017,Sugar
2015-04-01,APPLES-DESSERT-PER KG,212717,1.9254339,Apples
2015-04-01,BRANDY 70CL BOTTLE,310405,18.449656,Brandy
2015-04-01,LEMONADE-2 LITRE BOTTLE,212008,0.8227397,Lemonade
2015-04-01,ORANGES-CLASS 1-EACH,212709,0.3830502,Oranges
2015-04-01,RED WINE- EUROPEAN 75CL,310421,7.290418,Red wine
2015-04-01,SUGAR -GRANULATED-WHITE-PER KG,212101,0.9235391,Sugar
2015-05-01,APPLES-DESSERT-PER KG,212717,1.947713,Apples
2015-05-01,BRANDY 70CL BOTTLE,310405,19.208483,Brandy
2015-05-01,LEMONADE-2 LITRE BOTTLE,212008,0.86868054,Lemonade
2015-05-01,ORANGES-CLASS 1-EACH,212709,0.37908334,Oranges
2015-05-01,RED WINE- EUROPEAN 75CL,310421,6.871617,Red wine
2015-05-01,SUGAR -GRANULATED-WHITE-PER KG,212101,0.9221577,Sugar
2015-06-01,APPLES-DESSERT-PER KG,212717,1.9370507,Apples
2015-06-01,BRANDY 70CL BOTTLE,310405,18.807533,Brandy
2015-06-01,LEMONADE-2 LITRE BOTTLE,212008,0.8900671,Lemonade
2015-06-01,ORANGES-CLASS 1-EACH,212709,0.37688798,Oranges
2015-06-01,RED WINE- EUROPEAN 75CL,310421,7.1344957,Red wine
2015-06-01,SUGAR -GRANULATED-WHITE-PER KG,212101,0.9142798,Sugar
2015-07-01,APPLES-DESSERT-PER KG,212717,1.9720184,Apples
2015-07-01,BRANDY 70CL BOTTLE,310405,19.112108,Brandy
2015-07-01,LEMONADE-2 LITRE BOTTLE,212008,0.81655407,Lemonade
2015-07-01,ORANGES-CLASS 1-EACH,212709,0.37448558,Oranges
2015-07-01,RED WINE- EUROPEAN 75CL,310421,7.048151,Red wine
2015-07-01,SUGAR -GRANULATED-WHITE-PER KG,212101,0.89313304,Sugar
2015-08-01,APPLES-DESSERT-PER KG,212717,1.9945794,Apples
2015-08-01,BRANDY 70CL BOTTLE,310405,18.881027,Brandy
2015-08-01,LEMONADE-2 LITRE BOTTLE,212008,0.897687,Lemonade
2015-08-01,ORANGES-CLASS 1-EACH,212709,0.38557768,Oranges
2015-08-01,RED WINE- EUROPEAN 75CL,310421,7.20863,Red wine
2015-08-01,SUGAR -GRANULATED-WHITE-PER KG,212101,0.87757576,Sugar
2015-09-01,APPLES-DESSERT-PER KG,212717,2.0037074,Apples
2015-09-01,BRANDY 70CL BOTTLE,310405,18.826803,Brandy
2015-09-01,LEMONADE-2 LITRE BOTTLE,212008,0.89993286,Lemonade
2015-09-01,ORANGES-CLASS 1-EACH,212709,0.38375497,Oranges
2015-09-01,RED WINE- EUROPEAN 75CL,310421,7.176533,Red wine
2015-09-01,SUGAR -GRANULATED-WHITE-PER KG,212101,0.87391305,Sugar
2015-10-01,APPLES-DESSERT-PER KG,212717,1.9375491,Apples
2015-10-01,BRANDY 70CL BOTTLE,310405,19.093218,Brandy
2015-10-01,LEMONADE-2 LITRE BOTTLE,212008,0.84668916,Lemonade
2015-10-01,ORANGES-CLASS 1-EACH,212709,0.38065132,Oranges
2015-10-01,RED WINE- EUROPEAN 75CL,310421,6.93586,Red wine
2015-10-01,SUGAR -GRANULATED-WHITE-PER KG,212101,0.7975688,Sugar
2015-11-01,APPLES-DESSERT-PER KG,212717,1.9042858,Apples
2015-11-01,BRANDY 70CL BOTTLE,310405,17.842747,Brandy
2015-11-01,LEMONADE-2 LITRE BOTTLE,212008,0.83375835,Lemonade
2015-11-01,ORANGES-CLASS 1-EACH,212709,0.38305882,Oranges
2015-11-01,RED WINE- EUROPEAN 75CL,310421,7.00647,Red wine
2015-11-01,SUGAR -GRANULATED-WHITE-PER KG,212101,0.77616435,Sugar
2015-12-01,APPLES-DESSERT-PER KG,212717,1.9220952,Apples
2015-12-01,BRANDY 70CL BOTTLE,310405,16.97077,Brandy
2015-12-01,LEMONADE-2 LITRE BOTTLE,212008,0.8154,Lemonade
2015-12-01,ORANGES-CLASS 1-EACH,212709,0.38458332,Oranges
2015-12-01,RED WINE- EUROPEAN 75CL,310421,6.682146,Red wine
2015-12-01,SUGAR -GRANULATED-WHITE-PER KG,212101,0.7905366,Sugar
2016-01-01,APPLES-DESSERT-PER KG,212717,1.8943868,Apples
2016-01-01,BRANDY 70CL BOTTLE,310405,19.027817,Brandy
2016-01-01,LEMONADE-2 LITRE BOTTLE,212008,0.827651,Lemonade
2016-01-01,ORANGES-CLASS 1-EACH,212709,0.3939015,Oranges
2016-01-01,RED WINE- EUROPEAN 75CL,310421,6.8862443,Red wine
2016-01-01,SUGAR -GRANULATED-WHITE-PER KG,212101,0.78078336,Sugar
2016-02-01,APPLES-DESSERT-PER KG,212717,1.8994554,Apples
2016-02-01,BRANDY 70CL BOTTLE,310405,19.280281,Brandy
2016-02-01,LEMONADE-2 LITRE BOTTLE,212008,0.8293055,Lemonade
2016-02-01,ORANGES-CLASS 1-EACH,212709,0.39583012,Oranges
2016-02-01,RED WINE- EUROPEAN 75CL,310421,6.8068724,Red wine
2016-02-01,SUGAR -GRANULATED-WHITE-PER KG,212101,0.71341014,Sugar
2016-03-01,APPLES-DESSERT-PER KG,212717,1.8717647,Apples
2016-03-01,BRANDY 70CL BOTTLE,310405,18.829655,Brandy
2016-03-01,LEMONADE-2 LITRE BOTTLE,212008,0.76285714,Lemonade
2016-03-01,ORANGES-CLASS 1-EACH,212709,0.3870566,Oranges
2016-03-01,RED WINE- EUROPEAN 75CL,310421,6.74794,Red wine
2016-03-01,SUGAR -GRANULATED-WHITE-PER KG,212101,0.7124074,Sugar
2016-04-01,APPLES-DESSERT-PER KG,212717,1.8506699,Apples
2016-04-01,BRANDY 70CL BOTTLE,310405,18.1093,Brandy
2016-04-01,LEMONADE-2 LITRE BOTTLE,212008,0.7407246,Lemonade
2016-04-01,ORANGES-CLASS 1-EACH,212709,0.39395437,Oranges
2016-04-01,RED WINE- EUROPEAN 75CL,310421,6.765504,Red wine
2016-04-01,SUGAR -GRANULATED-WHITE-PER KG,212101,0.702987,Sugar
2016-05-01,APPLES-DESSERT-PER KG,212717,1.9003687,Apples
2016-05-01,BRANDY 70CL BOTTLE,310405,19.288195,Brandy
2016-05-01,LEMONADE-2 LITRE BOTTLE,212008,0.76007295,Lemonade
2016-05-01,ORANGES-CLASS 1-EACH,212709,0.39760455,Oranges
2016-05-01,RED WINE- EUROPEAN 75CL,310421,6.9207344,Red wine
2016-05-01,SUGAR -GRANULATED-WHITE-PER KG,212101,0.69145924,Sugar
2016-06-01,APPLES-DESSERT-PER KG,212717,1.9220289,Apples
2016-06-01,BRANDY 70CL BOTTLE,310405,18.297182,Brandy
2016-06-01,LEMONADE-2 LITRE BOTTLE,212008,0.76692307,Lemonade
2016-06-01,ORANGES-CLASS 1-EACH,212709,0.3886905,Oranges
2016-06-01,RED WINE- EUROPEAN 75CL,310421,7.0415854,Red wine
2016-06-01,SUGAR -GRANULATED-WHITE-PER KG,212101,0.6990393,Sugar
2016-07-01,APPLES-DESSERT-PER KG,212717,1.9449748,Apples
2016-07-01,BRANDY 70CL BOTTLE,310405,18.689863,Brandy
2016-07-01,LEMONADE-2 LITRE BOTTLE,212008,0.74541986,Lemonade
2016-07-01,ORANGES-CLASS 1-EACH,212709,0.38732,Oranges
2016-07-01,RED WINE- EUROPEAN 75CL,310421,6.6729565,Red wine
2016-07-01,SUGAR -GRANULATED-WHITE-PER KG,212101,0.73308337,Sugar
2016-08-01,APPLES-DESSERT-PER KG,212717,2.0064766,Apples
2016-08-01,BRANDY 70CL BOTTLE,310405,18.86234,Brandy
2016-08-01,LEMONADE-2 LITRE BOTTLE,212008,0.71999997,Lemonade
2016-08-01,ORANGES-CLASS 1-EACH,212709,0.3897541,Oranges
2016-08-01,RED WINE- EUROPEAN 75CL,310421,7.056154,Red wine
2016-08-01,SUGAR -GRANULATED-WHITE-PER KG,212101,0.73554164,Sugar
2016-09-01,APPLES-DESSERT-PER KG,212717,1.9747264,Apples
2016-09-01,BRANDY 70CL BOTTLE,310405,19.164015,Brandy
2016-09-01,LEMONADE-2 LITRE BOTTLE,212008,0.74694026,Lemonade
2016-09-01,ORANGES-CLASS 1-EACH,212709,0.3820968,Oranges
2016-09-01,RED WINE- EUROPEAN 75CL,310421,6.966234,Red wine
2016-09-01,SUGAR -GRANULATED-WHITE-PER KG,212101,0.7319672,Sugar
2016-10-01,APPLES-DESSERT-PER KG,212717,1.958614,Apples
2016-10-01,BRANDY 70CL BOTTLE,310405,18.72056,Brandy
2016-10-01,LEMONADE-2 LITRE BOTTLE,212008,0.7550376,Lemonade
2016-10-01,ORANGES-CLASS 1-EACH,212709,0.38865545,Oranges
2016-10-01,RED WINE- EUROPEAN 75CL,310421,6.686383,Red wine
2016-10-01,SUGAR -GRANULATED-WHITE-PER KG,212101,0.7413223,Sugar
2016-11-01,APPLES-DESSERT-PER KG,212717,1.9295121,Apples
2016-11-01,BRANDY 70CL BOTTLE,310405,18.524403,Brandy
2016-11-01,LEMONADE-2 LITRE BOTTLE,212008,0.7298473,Lemonade
2016-11-01,ORANGES-CLASS 1-EACH,212709,0.3902066,Oranges
2016-11-01,RED WINE- EUROPEAN 75CL,310421,6.5096846,Red wine
2016-11-01,SUGAR -GRANULATED-WHITE-PER KG,212101,0.77778685,Sugar
2016-12-01,APPLES-DESSERT-PER KG,212717,1.9301401,Apples
2016-12-01,BRANDY 70CL BOTTLE,310405,16.992014,Brandy
2016-12-01,LEMONADE-2 LITRE BOTTLE,212008,0.7398473,Lemonade
2016-12-01,ORANGES-CLASS 1-EACH,212709,0.3934127,Oranges
2016-12-01,RED WINE- EUROPEAN 75CL,310421,6.8544726,Red wine
2016-12-01,SUGAR -GRANULATED-WHITE-PER KG,212101,0.7907377,Sugar
2017-01-01,APPLES-DESSERT-PER KG,212717,1.8625888,Apples
2017-01-01,BRANDY 70CL BOTTLE,310405,19.23176,Brandy
2017-01-01,LEMONADE-2 LITRE BOTTLE,212008,0.7565413,Lemonade
2017-01-01,ORANGES-CLASS 1-EACH,212709,0.389465,Oranges
2017-01-01,RED WINE- EUROPEAN 75CL,310421,6.901186,Red wine
2017-01-01,SUGAR -GRANULATED-WHITE-PER KG,212101,0.79695475,Sugar
2017-02-01,APPLES-DESSERT-PER KG,212717,1.8949009,Apples
2017-02-01,BRANDY 70CL BOTTLE,310405,19.212683,Brandy
2017-02-01,LEMONADE-2 LITRE BOTTLE,212008,0.7620895,Lemonade
2017-02-01,ORANGES-CLASS 1-EACH,212709,0.39657146,Oranges
2017-02-01,RED WINE- EUROPEAN 75CL,310421,6.799209,Red wine
2017-02-01,SUGAR -GRANULATED-WHITE-PER KG,212101,0.7966047,Sugar
2017-03-01,APPLES-DESSERT-PER KG,212717,1.9038389,Apples
2017-03-01,BRANDY 70CL BOTTLE,310405,19.025703,Brandy
2017-03-01,LEMONADE-2 LITRE BOTTLE,212008,0.7677612,Lemonade
2017-03-01,ORANGES-CLASS 1-EACH,212709,0.40102363,Oranges
2017-03-01,RED WINE- EUROPEAN 75CL,310421,6.858017,Red wine
2017-03-01,SUGAR -GRANULATED-WHITE-PER KG,212101,0.8315024,Sugar
2017-04-01,APPLES-DESSERT-PER KG,212717,1.9038693,Apples
2017-04-01,BRANDY 70CL BOTTLE,310405,18.756395,Brandy
2017-04-01,LEMONADE-2 LITRE BOTTLE,212008,0.7284559,Lemonade
2017-04-01,ORANGES-CLASS 1-EACH,212709,0.41308302,Oranges
2017-04-01,RED WINE- EUROPEAN 75CL,310421,6.516479,Red wine
2017-04-01,SUGAR -GRANULATED-WHITE-PER KG,212101,0.8230876,Sugar
2017-05-01,APPLES-DESSERT-PER KG,212717,1.897835,Apples
2017-05-01,BRANDY 70CL BOTTLE,310405,19.223228,Brandy
2017-05-01,LEMONADE-2 LITRE BOTTLE,212008,0.808,Lemonade
2017-05-01,ORANGES-CLASS 1-EACH,212709,0.40316,Oranges
2017-05-01,RED WINE- EUROPEAN 75CL,310421,6.8484416,Red wine
2017-05-01,SUGAR -GRANULATED-WHITE-PER KG,212101,0.8407025,Sugar
2017-06-01,APPLES-DESSERT-PER KG,212717,1.9678333,Apples
2017-06-01,BRANDY 70CL BOTTLE,310405,19.777843,Brandy
2017-06-01,LEMONADE-2 LITRE BOTTLE,212008,0.7546617,Lemonade
2017-06-01,ORANGES-CLASS 1-EACH,212709,0.40689924,Oranges
2017-06-01,RED WINE- EUROPEAN 75CL,310421,6.9208117,Red wine
2017-06-01,SUGAR -GRANULATED-WHITE-PER KG,212101,0.8427049,Sugar
2017-07-01,APPLES-DESSERT-PER KG,212717,2.0115676,Apples
2017-07-01,BRANDY 70CL BOTTLE,310405,19.54107,Brandy
2017-07-01,LEMONADE-2 LITRE BOTTLE,212008,0.72488374,Lemonade
2017-07-01,ORANGES-CLASS 1-EACH,212709,0.42147058,Oranges
2017-07-01,RED WINE- EUROPEAN 75CL,310421,7.2061944,Red wine
2017-07-01,SUGAR -GRANULATED-WHITE-PER KG,212101,0.8439095,Sugar
2017-08-01,APPLES-DESSERT-PER KG,212717,1.9914131,Apples
2017-08-01,BRANDY 70CL BOTTLE,310405,19.142878,Brandy
2017-08-01,LEMONADE-2 LITRE BOTTLE,212008,0.72439396,Lemonade
2017-08-01,ORANGES-CLASS 1-EACH,212709,0.41902953,Oranges
2017-08-01,RED WINE- EUROPEAN 75CL,310421,7.0613275,Red wine
2017-08-01,SUGAR -GRANULATED-WHITE-PER KG,212101,0.8416667,Sugar
2017-09-01,APPLES-DESSERT-PER KG,212717,1.9763794,Apples
2017-09-01,BRANDY 70CL BOTTLE,310405,19.329367,Brandy
2017-09-01,LEMONADE-2 LITRE BOTTLE,212008,0.7994776,Lemonade
2017-09-01,ORANGES-CLASS 1-EACH,212709,0.4070703,Oranges
2017-09-01,RED WINE- EUROPEAN 75CL,310421,7.134273,Red wine
2017-09-01,SUGAR -GRANULATED-WHITE-PER KG,212101,0.8436214,Sugar
2017-10-01,APPLES-DESSERT-PER KG,212717,1.9892179,Apples
2017-10-01,BRANDY 70CL BOTTLE,310405,19.288208,Brandy
2017-10-01,LEMONADE-2 LITRE BOTTLE,212008,0.76789474,Lemonade
2017-10-01,ORANGES-CLASS 1-EACH,212709,0.40424603,Oranges
2017-10-01,RED WINE- EUROPEAN 75CL,310421,6.752,Red wine
2017-10-01,SUGAR -GRANULATED-WHITE-PER KG,212101,0.8538589,Sugar
2017-11-01,APPLES-DESSERT-PER KG,212717,2.0096066,Apples
2017-11-01,BRANDY 70CL BOTTLE,310405,18.303,Brandy
2017-11-01,LEMONADE-2 LITRE BOTTLE,212008,0.74330825,Lemonade
2017-11-01,ORANGES-CLASS 1-EACH,212709,0.399451,Oranges
2017-11-01,RED WINE- EUROPEAN 75CL,310421,6.812585,Red wine
2017-11-01,SUGAR -GRANULATED-WHITE-PER KG,212101,0.84831893,Sugar
2017-12-01,APPLES-DESSERT-PER KG,212717,2.014516,Apples
2017-12-01,BRANDY 70CL BOTTLE,310405,17.80931,Brandy
2017-12-01,LEMONADE-2 LITRE BOTTLE,212008,0.7357778,Lemonade
2017-12-01,ORANGES-CLASS 1-EACH,212709,0.40608525,Oranges
2017-12-01,RED WINE- EUROPEAN 75CL,310421,7.0366817,Red wine
2017-12-01,SUGAR -GRANULATED-WHITE-PER KG,212101,0.8497402,Sugar
2018-01-01,APPLES-DESSERT-PER KG,212717,2.0344505,Apples
2018-01-01,BRANDY 70CL BOTTLE,310405,19.91639,Brandy
2018-01-01,LEMONADE-2 LITRE BOTTLE,212008,0.77810603,Lemonade
2018-01-01,ORANGES-CLASS 1-EACH,212709,0.40822837,Oranges
2018-01-01,RED WINE- EUROPEAN 75CL,310421,6.8900876,Red wine
2018-01-01,SUGAR -GRANULATED-WHITE-PER KG,212101,0.85426086,Sugar
2018-02-01,APPLES-DESSERT-PER KG,212717,2.0528135,Apples
2018-02-01,BRANDY 70CL BOTTLE,310405,19.974222,Brandy
2018-02-01,LEMONADE-2 LITRE BOTTLE,212008,0.73658913,Lemonade
2018-02-01,ORANGES-CLASS 1-EACH,212709,0.3989328,Oranges
2018-02-01,RED WINE- EUROPEAN 75CL,310421,7.2988124,Red wine
2018-02-01,SUGAR -GRANULATED-WHITE-PER KG,212101,0.8935294,Sugar
2018-03-01,APPLES-DESSERT-PER KG,212717,2.047101,Apples
2018-03-01,BRANDY 70CL BOTTLE,310405,19.86222,Brandy
2018-03-01,LEMONADE-2 LITRE BOTTLE,212008,0.71898437,Lemonade
2018-03-01,ORANGES-CLASS 1-EACH,212709,0.39913532,Oranges
2018-03-01,RED WINE- EUROPEAN 75CL,310421,7.1582694,Red wine
2018-03-01,SUGAR -GRANULATED-WHITE-PER KG,212101,0.9251452,Sugar
2018-04-01,APPLES-DESSERT-PER KG,212717,1.9964341,Apples
2018-04-01,BRANDY 70CL BOTTLE,310405,18.740208,Brandy
2018-04-01,LEMONADE-2 LITRE BOTTLE,212008,0.7444186,Lemonade
2018-04-01,ORANGES-CLASS 1-EACH,212709,0.4015112,Oranges
2018-04-01,RED WINE- EUROPEAN 75CL,310421,7.276489,Red wine
2018-04-01,SUGAR -GRANULATED-WHITE-PER KG,212101,0.9195102,Sugar
2018-05-01,APPLES-DESSERT-PER KG,212717,2.0713031,Apples
2018-05-01,BRANDY 70CL BOTTLE,310405,19.374468,Brandy
2018-05-01,LEMONADE-2 LITRE BOTTLE,212008,0.757619,Lemonade
2018-05-01,ORANGES-CLASS 1-EACH,212709,0.40559846,Oranges
2018-05-01,RED WINE- EUROPEAN 75CL,310421,7.1903005,Red wine
2018-05-01,SUGAR -GRANULATED-WHITE-PER KG,212101,0.9215102,Sugar
2018-06-01,APPLES-DESSERT-PER KG,212717,2.1091037,Apples
2018-06-01,BRANDY 70CL BOTTLE,310405,19.005705,Brandy
2018-06-01,LEMONADE-2 LITRE BOTTLE,212008,0.70284617,Lemonade
2018-06-01,ORANGES-CLASS 1-EACH,212709,0.4060606,Oranges
2018-06-01,RED WINE- EUROPEAN 75CL,310421,7.216496,Red wine
2018-06-01,SUGAR -GRANULATED-WHITE-PER KG,212101,0.8915164,Sugar
2018-07-01,APPLES-DESSERT-PER KG,212717,2.1142373,Apples
2018-07-01,BRANDY 70CL BOTTLE,310405,18.47168,Brandy
2018-07-01,LEMONADE-2 LITRE BOTTLE,212008,0.7597872,Lemonade
2018-07-01,ORANGES-CLASS 1-EACH,212709,0.40648076,Oranges
2018-07-01,RED WINE- EUROPEAN 75CL,310421,6.9829617,Red wine
2018-07-01,SUGAR -GRANULATED-WHITE-PER KG,212101,0.92376035,Sugar
2018-08-01,APPLES-DESSERT-PER KG,212717,2.1280556,Apples
2018-08-01,BRANDY 70CL BOTTLE,310405,19.825886,Brandy
2018-08-01,LEMONADE-2 LITRE BOTTLE,212008,0.69702476,Lemonade
2018-08-01,ORANGES-CLASS 1-EACH,212709,0.4062289,Oranges
2018-08-01,RED WINE- EUROPEAN 75CL,310421,6.944752,Red wine
2018-08-01,SUGAR -GRANULATED-WHITE-PER KG,212101,0.927418,Sugar
2018-09-01,APPLES-DESSERT-PER KG,212717,2.1312065,Apples
2018-09-01,BRANDY 70CL BOTTLE,310405,20.325226,Brandy
2018-09-01,LEMONADE-2 LITRE BOTTLE,212008,0.69438595,Lemonade
2018-09-01,ORANGES-CLASS 1-EACH,212709,0.40471452,Oranges
2018-09-01,RED WINE- EUROPEAN 75CL,310421,6.978093,Red wine
2018-09-01,SUGAR -GRANULATED-WHITE-PER KG,212101,0.92872953,Sugar
2018-10-01,APPLES-DESSERT-PER KG,212717,2.091201,Apples
2018-10-01,BRANDY 70CL BOTTLE,310405,19.24228,Brandy
2018-10-01,LEMONADE-2 LITRE BOTTLE,212008,0.7090435,Lemonade
2018-10-01,ORANGES-CLASS 1-EACH,212709,0.40715888,Oranges
2018-10-01,RED WINE- EUROPEAN 75CL,310421,6.859227,Red wine
2018-10-01,SUGAR -GRANULATED-WHITE-PER KG,212101,0.8430172,Sugar
2018-11-01,APPLES-DESSERT-PER KG,212717,2.0388095,Apples
2018-11-01,BRANDY 70CL BOTTLE,310405,18.311071,Brandy
2018-11-01,LEMONADE-2 LITRE BOTTLE,212008,0.6855384,Lemonade
2018-11-01,ORANGES-CLASS 1-EACH,212709,0.40657744,Oranges
2018-11-01,RED WINE- EUROPEAN 75CL,310421,7.029031,Red wine
2018-11-01,SUGAR -GRANULATED-WHITE-PER KG,212101,0.84318966,Sugar
2018-12-01,APPLES-DESSERT-PER KG,212717,2.013427,Apples
2018-12-01,BRANDY 70CL BOTTLE,310405,17.995611,Brandy
2018-12-01,LEMONADE-2 LITRE BOTTLE,212008,0.6910853,Lemonade
2018-12-01,ORANGES-CLASS 1-EACH,212709,0.404438,Oranges
2018-12-01,RED WINE- EUROPEAN 75CL,310421,6.8187556,Red wine
2018-12-01,SUGAR -GRANULATED-WHITE-PER KG,212101,0.8577778,Sugar
2019-01-01,APPLES-DESSERT-PER KG,212717,1.9960227,Apples
2019-01-01,BRANDY 70CL BOTTLE,310405,20.108929,Brandy
2019-01-01,LEMONADE-2 LITRE BOTTLE,212008,0.695913,Lemonade
2019-01-01,ORANGES-CLASS 1-EACH,212709,0.41725838,Oranges
2019-01-01,RED WINE- EUROPEAN 75CL,310421,6.8546124,Red wine
2019-01-01,SUGAR -GRANULATED-WHITE-PER KG,212101,0.8342149,Sugar
2019-02-01,APPLES-DESSERT-PER KG,212717,2.0023954,Apples
2019-02-01,BRANDY 70CL BOTTLE,310405,19.730902,Brandy
2019-02-01,LEMONADE-2 LITRE BOTTLE,212008,0.6595614,Lemonade
2019-02-01,ORANGES-CLASS 1-EACH,212709,0.40894735,Oranges
2019-02-01,RED WINE- EUROPEAN 75CL,310421,7.3741293,Red wine
2019-02-01,SUGAR -GRANULATED-WHITE-PER KG,212101,0.8647917,Sugar
2019-03-01,APPLES-DESSERT-PER KG,212717,2.050854,Apples
2019-03-01,BRANDY 70CL BOTTLE,310405,19.54276,Brandy
2019-03-01,LEMONADE-2 LITRE BOTTLE,212008,0.6800775,Lemonade
2019-03-01,ORANGES-CLASS 1-EACH,212709,0.4108098,Oranges
2019-03-01,RED WINE- EUROPEAN 75CL,310421,6.794237,Red wine
2019-03-01,SUGAR -GRANULATED-WHITE-PER KG,212101,0.86462814,Sugar
2019-04-01,APPLES-DESSERT-PER KG,212717,2.0492702,Apples
2019-04-01,BRANDY 70CL BOTTLE,310405,18.666574,Brandy
2019-04-01,LEMONADE-2 LITRE BOTTLE,212008,0.66939396,Lemonade
2019-04-01,ORANGES-CLASS 1-EACH,212709,0.41031134,Oranges
2019-04-01,RED WINE- EUROPEAN 75CL,310421,6.9678392,Red wine
2019-04-01,SUGAR -GRANULATED-WHITE-PER KG,212101,0.85790986,Sugar
2019-05-01,APPLES-DESSERT-PER KG,212717,2.103052,Apples
2019-05-01,BRANDY 70CL BOTTLE,310405,19.714428,Brandy
2019-05-01,LEMONADE-2 LITRE BOTTLE,212008,0.71238804,Lemonade
2019-05-01,ORANGES-CLASS 1-EACH,212709,0.41135594,Oranges
2019-05-01,RED WINE- EUROPEAN 75CL,310421,7.1328125,Red wine
2019-05-01,SUGAR -GRANULATED-WHITE-PER KG,212101,0.8586419,Sugar
2019-06-01,APPLES-DESSERT-PER KG,212717,2.1266012,Apples
2019-06-01,BRANDY 70CL BOTTLE,310405,18.90542,Brandy
2019-06-01,LEMONADE-2 LITRE BOTTLE,212008,0.6893893,Lemonade
2019-06-01,ORANGES-CLASS 1-EACH,212709,0.41150093,Oranges
2019-06-01,RED WINE- EUROPEAN 75CL,310421,7.1343155,Red wine
2019-06-01,SUGAR -GRANULATED-WHITE-PER KG,212101,0.8591358,Sugar
2019-07-01,APPLES-DESSERT-PER KG,212717,2.1492045,Apples
2019-07-01,BRANDY 70CL BOTTLE,310405,19.178759,Brandy
2019-07-01,LEMONADE-2 LITRE BOTTLE,212008,0.67840904,Lemonade
2019-07-01,ORANGES-CLASS 1-EACH,212709,0.41314018,Oranges
2019-07-01,RED WINE- EUROPEAN 75CL,310421,7.0765142,Red wine
2019-07-01,SUGAR -GRANULATED-WHITE-PER KG,212101,0.85879165,Sugar
2019-08-01,APPLES-DESSERT-PER KG,212717,2.1160765,Apples
2019-08-01,BRANDY 70CL BOTTLE,310405,19.707426,Brandy
2019-08-01,LEMONADE-2 LITRE BOTTLE,212008,0.66373134,Lemonade
2019-08-01,ORANGES-CLASS 1-EACH,212709,0.41109195,Oranges
2019-08-01,RED WINE- EUROPEAN 75CL,310421,7.0908895,Red wine
2019-08-01,SUGAR -GRANULATED-WHITE-PER KG,212101,0.8587295,Sugar
2019-09-01,APPLES-DESSERT-PER KG,212717,2.141891,Apples
2019-09-01,BRANDY 70CL BOTTLE,310405,19.476547,Brandy
2019-09-01,LEMONADE-2 LITRE BOTTLE,212008,0.6815909,Lemonade
2019-09-01,ORANGES-CLASS 1-EACH,212709,0.41556796,Oranges
2019-09-01,RED WINE- EUROPEAN 75CL,310421,7.091881,Red wine
2019-09-01,SUGAR -GRANULATED-WHITE-PER KG,212101,0.85803276,Sugar
2019-10-01,APPLES-DESSERT-PER KG,212717,2.0130491,Apples
2019-10-01,BRANDY 70CL BOTTLE,310405,18.957705,Brandy
2019-10-01,LEMONADE-2 LITRE BOTTLE,212008,0.67097014,Lemonade
2019-10-01,ORANGES-CLASS 1-EACH,212709,0.41458645,Oranges
2019-10-01,RED WINE- EUROPEAN 75CL,310421,7.297445,Red wine
2019-10-01,SUGAR -GRANULATED-WHITE-PER KG,212101,0.85440814,Sugar
2019-11-01,APPLES-DESSERT-PER KG,212717,1.9846965,Apples
2019-11-01,BRANDY 70CL BOTTLE,310405,19.045158,Brandy
2019-11-01,LEMONADE-2 LITRE BOTTLE,212008,0.6859259,Lemonade
2019-11-01,ORANGES-CLASS 1-EACH,212709,0.4170433,Oranges
2019-11-01,RED WINE- EUROPEAN 75CL,310421,7.468458,Red wine
2019-11-01,SUGAR -GRANULATED-WHITE-PER KG,212101,0.85438526,Sugar
2019-12-01,APPLES-DESSERT-PER KG,212717,1.9633654,Apples
2019-12-01,BRANDY 70CL BOTTLE,310405,18.060167,Brandy
2019-12-01,LEMONADE-2 LITRE BOTTLE,212008,0.6806818,Lemonade
2019-12-01,ORANGES-CLASS 1-EACH,212709,0.4116257,Oranges
2019-12-01,RED WINE- EUROPEAN 75CL,310421,7.2253633,Red wine
2019-12-01,SUGAR -GRANULATED-WHITE-PER KG,212101,0.8556967,Sugar
2020-01-01,APPLES-DESSERT-PER KG,212717,1.9908066,Apples
2020-01-01,BRANDY 70CL BOTTLE,310405,19.859253,Brandy
2020-01-01,LEMONADE-2 LITRE BOTTLE,212008,0.7163846,Lemonade
2020-01-01,ORANGES-CLASS 1-EACH,212709,0.4216371,Oranges
2020-01-01,RED WINE- EUROPEAN 75CL,310421,7.372649,Red wine
2020-01-01,SUGAR -GRANULATED-WHITE-PER KG,212101,0.84528387,Sugar
2020-02-01,APPLES-DESSERT-PER KG,212717,1.9951097,Apples
2020-02-01,BRANDY 70CL BOTTLE,310405,19.651173,Brandy
2020-02-01,LEMONADE-2 LITRE BOTTLE,212008,0.71204543,Lemonade
2020-02-01,ORANGES-CLASS 1-EACH,212709,0.4155357,Oranges
2020-02-01,RED WINE- EUROPEAN 75CL,310421,7.171593,Red wine
2020-02-01,SUGAR -GRANULATED-WHITE-PER KG,212101,0.8885714,Sugar
2020-03-01,APPLES-DESSERT-PER KG,212717,2.0209656,Apples
2020-03-01,BRANDY 70CL BOTTLE,310405,18.880455,Brandy
2020-03-01,LEMONADE-2 LITRE BOTTLE,212008,0.68808,Lemonade
2020-03-01,ORANGES-CLASS 1-EACH,212709,0.42189515,Oranges
2020-03-01,RED WINE- EUROPEAN 75CL,310421,7.445534,Red wine
2020-03-01,SUGAR -GRANULATED-WHITE-PER KG,212101,0.9052631,Sugar
2020-04-01,APPLES-DESSERT-PER KG,212717,2.007766,Apples
2020-04-01,BRANDY 70CL BOTTLE,310405,20.539013,Brandy
2020-04-01,LEMONADE-2 LITRE BOTTLE,212008,0.69166666,Lemonade
2020-04-01,ORANGES-CLASS 1-EACH,212709,0.4575641,Oranges
2020-04-01,RED WINE- EUROPEAN 75CL,310421,7.465829,Red wine
2020-04-01,SUGAR -GRANULATED-WHITE-PER KG,212101,0.8781818,Sugar
2020-05-01,APPLES-DESSERT-PER KG,212717,2.1333961,Apples
2020-05-01,BRANDY 70CL BOTTLE,310405,19.216757,Brandy
2020-05-01,LEMONADE-2 LITRE BOTTLE,212008,0.6610092,Lemonade
2020-05-01,ORANGES-CLASS 1-EACH,212709,0.4176856,Oranges
2020-05-01,RED WINE- EUROPEAN 75CL,310421,7.1319447,Red wine
2020-05-01,SUGAR -GRANULATED-WHITE-PER KG,212101,0.86427784,Sugar
2020-06-01,APPLES-DESSERT-PER KG,212717,2.18035,Apples
2020-06-01,BRANDY 70CL BOTTLE,310405,18.593452,Brandy
2020-06-01,LEMONADE-2 LITRE BOTTLE,212008,0.69629306,Lemonade
2020-06-01,ORANGES-CLASS 1-EACH,212709,0.41961804,Oranges
2020-06-01,RED WINE- EUROPEAN 75CL,310421,7.4088235,Red wine
2020-06-01,SUGAR -GRANULATED-WHITE-PER KG,212101,0.85082924,Sugar
2020-07-01,APPLES-DESSERT-PER KG,212717,2.1861215,Apples
2020-07-01,BRANDY 70CL BOTTLE,310405,18.691826,Brandy
2020-07-01,LEMONADE-2 LITRE BOTTLE,212008,0.7337815,Lemonade
2020-07-01,ORANGES-CLASS 1-EACH,212709,0.41873786,Oranges
2020-07-01,RED WINE- EUROPEAN 75CL,310421,7.2293663,Red wine
2020-07-01,SUGAR -GRANULATED-WHITE-PER KG,212101,0.8488889,Sugar
2020-08-01,APPLES-DESSERT-PER KG,212717,2.2067025,Apples
2020-08-01,BRANDY 70CL BOTTLE,310405,19.547705,Brandy
2020-08-01,LEMONADE-2 LITRE BOTTLE,212008,0.7144186,Lemonade
2020-08-01,ORANGES-CLASS 1-EACH,212709,0.4378153,Oranges
2020-08-01,RED WINE- EUROPEAN 75CL,310421,7.29062,Red wine
2020-08-01,SUGAR -GRANULATED-WHITE-PER KG,212101,0.861005,Sugar
2020-09-01,APPLES-DESSERT-PER KG,212717,2.1556494,Apples
2020-09-01,BRANDY 70CL BOTTLE,310405,18.886171,Brandy
2020-09-01,LEMONADE-2 LITRE BOTTLE,212008,0.72927004,Lemonade
2020-09-01,ORANGES-CLASS 1-EACH,212709,0.43434322,Oranges
2020-09-01,RED WINE- EUROPEAN 75CL,310421,7.442882,Red wine
2020-09-01,SUGAR -GRANULATED-WHITE-PER KG,212101,0.89878505,Sugar
2020-10-01,APPLES-DESSERT-PER KG,212717,2.0635145,Apples
2020-10-01,BRANDY 70CL BOTTLE,310405,19.568089,Brandy
2020-10-01,LEMONADE-2 LITRE BOTTLE,212008,0.75080884,Lemonade
2020-10-01,ORANGES-CLASS 1-EACH,212709,0.42166296,Oranges
2020-10-01,RED WINE- EUROPEAN 75CL,310421,6.9764543,Red wine
2020-10-01,SUGAR -GRANULATED-WHITE-PER KG,212101,0.86277056,Sugar
2020-11-01,APPLES-DESSERT-PER KG,212717,2.0575309,Apples
2020-11-01,BRANDY 70CL BOTTLE,310405,19.82013,Brandy
2020-11-01,LEMONADE-2 LITRE BOTTLE,212008,0.6528916,Lemonade
2020-11-01,ORANGES-CLASS 1-EACH,212709,0.3715464,Oranges
2020-11-01,RED WINE- EUROPEAN 75CL,310421,6.7153573,Red wine
2020-11-01,SUGAR -GRANULATED-WHITE-PER KG,212101,0.89535135,Sugar
2020-12-01,APPLES-DESSERT-PER KG,212717,2.0583627,Apples
2020-12-01,BRANDY 70CL BOTTLE,310405,18.58896,Brandy
2020-12-01,LEMONADE-2 LITRE BOTTLE,212008,0.6637647,Lemonade
2020-12-01,ORANGES-CLASS 1-EACH,212709,0.36461166,Oranges
2020-12-01,RED WINE- EUROPEAN 75CL,310421,7.0509768,Red wine
2020-12-01,SUGAR -GRANULATED-WHITE-PER KG,212101,0.89486486,Sugar
2021-01-01,APPLES-DESSERT-PER KG,212717,2.1438463,Apples
2021-01-01,BRANDY 70CL BOTTLE,310405,21.545496,Brandy
2021-01-01,LEMONADE-2 LITRE BOTTLE,212008,0.7332408,Lemonade
2021-01-01,ORANGES-CLASS 1-EACH,212709,0.3645,Oranges
2021-01-01,RED WINE- EUROPEAN 75CL,310421,7.2362676,Red wine
2021-01-01,SUGAR -GRANULATED-WHITE-PER KG,212101,0.8842857,Sugar
2021-02-01,APPLES-DESSERT-PER KG,212717,2.1579275,Apples
2021-02-01,BRANDY 70CL BOTTLE,310405,20.482895,Brandy
2021-02-01,LEMONADE-2 LITRE BOTTLE,212008,0.7225893,Lemonade
2021-02-01,ORANGES-CLASS 1-EACH,212709,0.3481761,Oranges
2021-02-01,RED WINE- EUROPEAN 75CL,310421,7.298316,Red wine
2021-02-01,SUGAR -GRANULATED-WHITE-PER KG,212101,0.91145945,Sugar
2021-03-01,APPLES-DESSERT-PER KG,212717,2.1762686,Apples
2021-03-01,BRANDY 70CL BOTTLE,310405,20.784914,Brandy
2021-03-01,LEMONADE-2 LITRE BOTTLE,212008,0.70744,Lemonade
2021-03-01,ORANGES-CLASS 1-EACH,212709,0.36213413,Oranges
2021-03-01,RED WINE- EUROPEAN 75CL,310421,6.933062,Red wine
2021-03-01,SUGAR -GRANULATED-WHITE-PER KG,212101,0.8533664,Sugar
2021-04-01,APPLES-DESSERT-PER KG,212717,2.2169957,Apples
2021-04-01,BRANDY 70CL BOTTLE,310405,20.16724,Brandy
2021-04-01,LEMONADE-2 LITRE BOTTLE,212008,0.6962698,Lemonade
2021-04-01,ORANGES-CLASS 1-EACH,212709,0.3644543,Oranges
2021-04-01,RED WINE- EUROPEAN 75CL,310421,7.389128,Red wine
2021-04-01,SUGAR -GRANULATED-WHITE-PER KG,212101,0.87155247,Sugar
2021-05-01,APPLES-DESSERT-PER KG,212717,2.1276822,Apples
2021-05-01,BRANDY 70CL BOTTLE,310405,22.17649,Brandy
2021-05-01,LEMONADE-2 LITRE BOTTLE,212008,0.65542555,Lemonade
2021-05-01,ORANGES-CLASS 1-EACH,212709,0.38476595,Oranges
2021-05-01,RED WINE- EUROPEAN 75CL,310421,7.0064077,Red wine
2021-05-01,SUGAR -GRANULATED-WHITE-PER KG,212101,0.9087978,Sugar
2021-06-01,APPLES-DESSERT-PER KG,212717,2.1321602,Apples
2021-06-01,BRANDY 70CL BOTTLE,310405,19.374828,Brandy
2021-06-01,LEMONADE-2 LITRE BOTTLE,212008,0.6455455,Lemonade
2021-06-01,ORANGES-CLASS 1-EACH,212709,0.40173915,Oranges
2021-06-01,RED WINE- EUROPEAN 75CL,310421,7.2136636,Red wine
2021-06-01,SUGAR -GRANULATED-WHITE-PER KG,212101,0.89335,Sugar
2021-07-01,APPLES-DESSERT-PER KG,212717,2.201804,Apples
2021-07-01,BRANDY 70CL BOTTLE,310405,20.216106,Brandy
2021-07-01,LEMONADE-2 LITRE BOTTLE,212008,0.7132836,Lemonade
2021-07-01,ORANGES-CLASS 1-EACH,212709,0.41545084,Oranges
2021-07-01,RED WINE- EUROPEAN 75CL,310421,7.2426496,Red wine
2021-07-01,SUGAR -GRANULATED-WHITE-PER KG,212101,0.86237067,Sugar
2021-08-01,APPLES-DESSERT-PER KG,212717,2.2198503,Apples
2021-08-01,BRANDY 70CL BOTTLE,310405,19.812956,Brandy
2021-08-01,LEMONADE-2 LITRE BOTTLE,212008,0.71553844,Lemonade
2021-08-01,ORANGES-CLASS 1-EACH,212709,0.40595615,Oranges
2021-08-01,RED WINE- EUROPEAN 75CL,310421,7.600043,Red wine
2021-08-01,SUGAR -GRANULATED-WHITE-PER KG,212101,0.85915965,Sugar
2021-09-01,APPLES-DESSERT-PER KG,212717,2.210867,Apples
2021-09-01,BRANDY 70CL BOTTLE,310405,20.33,Brandy
2021-09-01,LEMONADE-2 LITRE BOTTLE,212008,0.69259536,Lemonade
2021-09-01,ORANGES-CLASS 1-EACH,212709,0.40942574,Oranges
2021-09-01,RED WINE- EUROPEAN 75CL,310421,7.189174,Red wine
2021-09-01,SUGAR -GRANULATED-WHITE-PER KG,212101,0.8225339,Sugar
2021-10-01,APPLES-DESSERT-PER KG,212717,2.196124,Apples
2021-10-01,BRANDY 70CL BOTTLE,310405,19.805573,Brandy
2021-10-01,LEMONADE-2 LITRE BOTTLE,212008,0.736,Lemonade
2021-10-01,ORANGES-CLASS 1-EACH,212709,0.42094302,Oranges
2021-10-01,RED WINE- EUROPEAN 75CL,310421,7.1668806,Red wine
2021-10-01,SUGAR -GRANULATED-WHITE-PER KG,212101,0.8295089,Sugar
2021-11-01,APPLES-DESSERT-PER KG,212717,2.1827352,Apples
2021-11-01,BRANDY 70CL BOTTLE,310405,20.755661,Brandy
2021-11-01,LEMONADE-2 LITRE BOTTLE,212008,0.68122137,Lemonade
2021-11-01,ORANGES-CLASS 1-EACH,212709,0.4282,Oranges
2021-11-01,RED WINE- EUROPEAN 75CL,310421,7.4353447,Red wine
2021-11-01,SUGAR -GRANULATED-WHITE-PER KG,212101,0.73207545,Sugar
2021-12-01,APPLES-DESSERT-PER KG,212717,2.208328,Apples
2021-12-01,BRANDY 70CL BOTTLE,310405,18.220634,Brandy
2021-12-01,LEMONADE-2 LITRE BOTTLE,212008,0.69946563,Lemonade
2021-12-01,ORANGES-CLASS 1-EACH,212709,0.42132795,Oranges
2021-12-01,RED WINE- EUROPEAN 75CL,310421,7.337609,Red wine
2021-12-01,SUGAR -GRANULATED-WHITE-PER KG,212101,0.7384186,Sugar
2022-01-01,APPLES-DESSERT-PER KG,212717,2.2263174,Apples
2022-01-01,BRANDY 70CL BOTTLE,310405,19.12152,Brandy
2022-01-01,LEMONADE-2 LITRE BOTTLE,212008,0.71962404,Lemonade
2022-01-01,ORANGES-CLASS 1-EACH,212709,0.42706236,Oranges
2022-01-01,RED WINE- EUROPEAN 75CL,310421,7.321502,Red wine
2022-01-01,SUGAR -GRANULATED-WHITE-PER KG,212101,0.799738,Sugar
2022-02-01,APPLES-DESSERT-PER KG,212717,2.2049153,Apples
2022-02-01,BRANDY 70CL BOTTLE,310405,18.564238,Brandy
2022-02-01,LEMONADE-2 LITRE BOTTLE,212008,0.74610686,Lemonade
2022-02-01,ORANGES-CLASS 1-EACH,212709,0.42234,Oranges
2022-02-01,RED WINE- EUROPEAN 75CL,310421,7.4205804,Red wine
2022-02-01,SUGAR -GRANULATED-WHITE-PER KG,212101,0.87473685,Sugar
2022-03-01,APPLES-DESSERT-PER KG,212717,2.2412941,Apples
2022-03-01,BRANDY 70CL BOTTLE,310405,19.075592,Brandy
2022-03-01,LEMONADE-2 LITRE BOTTLE,212008,0.75589925,Lemonade
2022-03-01,ORANGES-CLASS 1-EACH,212709,0.41702914,Oranges
2022-03-01,RED WINE- EUROPEAN 75CL,310421,7.487992,Red wine
2022-03-01,SUGAR -GRANULATED-WHITE-PER KG,212101,0.87216663,Sugar
2022-04-01,APPLES-DESSERT-PER KG,212717,2.2226706,Apples
2022-04-01,BRANDY 70CL BOTTLE,310405,19.452427,Brandy
2022-04-01,LEMONADE-2 LITRE BOTTLE,212008,0.75076926,Lemonade
2022-04-01,ORANGES-CLASS 1-EACH,212709,0.41834933,Oranges
2022-04-01,RED WINE- EUROPEAN 75CL,310421,7.4445453,Red wine
2022-04-01,SUGAR -GRANULATED-WHITE-PER KG,212101,0.8765966,Sugar
2022-05-01,APPLES-DESSERT-PER KG,212717,2.196099,Apples
2022-05-01,BRANDY 70CL BOTTLE,310405,19.626667,Brandy
2022-05-01,LEMONADE-2 LITRE BOTTLE,212008,0.7719708,Lemonade
2022-05-01,ORANGES-CLASS 1-EACH,212709,0.4220122,Oranges
2022-05-01,RED WINE- EUROPEAN 75CL,310421,7.502351,Red wine
2022-05-01,SUGAR -GRANULATED-WHITE-PER KG,212101,0.8776859,Sugar
2022-06-01,APPLES-DESSERT-PER KG,212717,2.1979573,Apples
2022-06-01,BRANDY 70CL BOTTLE,310405,19.8,Brandy
2022-06-01,LEMONADE-2 LITRE BOTTLE,212008,0.7785821,Lemonade
2022-06-01,ORANGES-CLASS 1-EACH,212709,0.42829365,Oranges
2022-06-01,RED WINE- EUROPEAN 75CL,310421,7.5228324,Red wine
2022-06-01,SUGAR -GRANULATED-WHITE-PER KG,212101,0.8727801,Sugar
2022-07-01,APPLES-DESSERT-PER KG,212717,2.2982812,Apples
2022-07-01,BRANDY 70CL BOTTLE,310405,19.38188,Brandy
2022-07-01,LEMONADE-2 LITRE BOTTLE,212008,0.7737121,Lemonade
2022-07-01,ORANGES-CLASS 1-EACH,212709,0.42319754,Oranges
2022-07-01,RED WINE- EUROPEAN 75CL,310421,7.499099,Red wine
2022-07-01,SUGAR -GRANULATED-WHITE-PER KG,212101,0.8725103,Sugar
2022-08-01,APPLES-DESSERT-PER KG,212717,2.3421519,Apples
2022-08-01,BRANDY 70CL BOTTLE,310405,19.661884,Brandy
2022-08-01,LEMONADE-2 LITRE BOTTLE,212008,0.7810317,Lemonade
2022-08-01,ORANGES-CLASS 1-EACH,212709,0.4427165,Oranges
2022-08-01,RED WINE- EUROPEAN 75CL,310421,7.424241,Red wine
2022-08-01,SUGAR -GRANULATED-WHITE-PER KG,212101,0.8886667,Sugar
2022-09-01,APPLES-DESSERT-PER KG,212717,2.3358896,Apples
2022-09-01,BRANDY 70CL BOTTLE,310405,21.150667,Brandy
2022-09-01,LEMONADE-2 LITRE BOTTLE,212008,0.82,Lemonade
2022-09-01,ORANGES-CLASS 1-EACH,212709,0.44085604,Oranges
2022-09-01,RED WINE- EUROPEAN 75CL,310421,7.7696958,Red wine
2022-09-01,SUGAR -GRANULATED-WHITE-PER KG,212101,0.86219406,Sugar
2022-10-01,APPLES-DESSERT-PER KG,212717,2.3138463,Apples
2022-10-01,BRANDY 70CL BOTTLE,310405,19.957985,Brandy
2022-10-01,LEMONADE-2 LITRE BOTTLE,212008,0.81842107,Lemonade
2022-10-01,ORANGES-CLASS 1-EACH,212709,0.45555776,Oranges
2022-10-01,RED WINE- EUROPEAN 75CL,310421,7.488147,Red wine
2022-10-01,SUGAR -GRANULATED-WHITE-PER KG,212101,0.94759333,Sugar
2022-11-01,APPLES-DESSERT-PER KG,212717,2.2865667,Apples
2022-11-01,BRANDY 70CL BOTTLE,310405,20.193254,Brandy
2022-11-01,LEMONADE-2 LITRE BOTTLE,212008,0.9259091,Lemonade
2022-11-01,ORANGES-CLASS 1-EACH,212709,0.4509144,Oranges
2022-11-01,RED WINE- EUROPEAN 75CL,310421,7.7156034,Red wine
2022-11-01,SUGAR -GRANULATED-WHITE-PER KG,212101,1.0381896,Sugar
2022-12-01,APPLES-DESSERT-PER KG,212717,2.1797667,Apples
2022-12-01,BRANDY 70CL BOTTLE,310405,20.931871,Brandy
2022-12-01,LEMONADE-2 LITRE BOTTLE,212008,0.943806,Lemonade
2022-12-01,ORANGES-CLASS 1-EACH,212709,0.45788053,Oranges
2022-12-01,RED WINE- EUROPEAN 75CL,310421,7.2586956,Red wine
2022-12-01,SUGAR -GRANULATED-WHITE-PER KG,212101,1.162373,Sugar
2023-01-01,APPLES-DESSERT-PER KG,212717,2.162041,Apples
2023-01-01,BRANDY 70CL BOTTLE,310405,21.902977,Brandy
2023-01-01,LEMONADE-2 LITRE BOTTLE,212008,0.9588372,Lemonade
2023-01-01,ORANGES-CLASS 1-EACH,212709,0.46944773,Oranges
2023-01-01,RED WINE- EUROPEAN 75CL,310421,7.6655,Red wine
2023-01-01,SUGAR -GRANULATED-WHITE-PER KG,212101,1.2044916,Sugar
